age,country,year,mx
20,ES,2004,0.00047
21,ES,2004,0.00046
22,ES,2004,0.00048
23,ES,2004,0.00051
24,ES,2004,0.00047
25,ES,2004,0.00051
26,ES,2004,0.00048
27,ES,2004,0.00053
28,ES,2004,0.00059
29,ES,2004,0.00055
30,ES,2004,0.00058
31,ES,2004,0.00067
32,ES,2004,0.00065
33,ES,2004,0.00074
34,ES,2004,0.00078
35,ES,2004,0.00088
36,ES,2004,0.00093
37,ES,2004,0.00113
38,ES,2004,0.00111
39,ES,2004,0.00133
40,ES,2004,0.00126
41,ES,2004,0.00142
42,ES,2004,0.00154
43,ES,2004,0.00166
44,ES,2004,0.00193
45,ES,2004,0.00215
46,ES,2004,0.00223
47,ES,2004,0.0025
48,ES,2004,0.0028
49,ES,2004,0.00281
50,ES,2004,0.00322
51,ES,2004,0.00352
52,ES,2004,0.00365
53,ES,2004,0.0039
54,ES,2004,0.00415
55,ES,2004,0.00451
56,ES,2004,0.00499
57,ES,2004,0.00525
58,ES,2004,0.00554
59,ES,2004,0.00629
60,ES,2004,0.0068
61,ES,2004,0.00728
62,ES,2004,0.00756
63,ES,2004,0.00837
64,ES,2004,0.00937
65,ES,2004,0.01027
66,ES,2004,0.01185
67,ES,2004,0.01252
68,ES,2004,0.0134
69,ES,2004,0.01481
70,ES,2004,0.01658
71,ES,2004,0.01812
72,ES,2004,0.02043
73,ES,2004,0.02261
74,ES,2004,0.02507
75,ES,2004,0.02872
76,ES,2004,0.03205
77,ES,2004,0.03626
78,ES,2004,0.04058
79,ES,2004,0.04531
80,ES,2004,0.05131
81,ES,2004,0.05758
82,ES,2004,0.06558
83,ES,2004,0.07477
84,ES,2004,0.08367
85,ES,2004,0.09575
20,ES,2005,0.00047
21,ES,2005,0.00049
22,ES,2005,0.00046
23,ES,2005,0.00047
24,ES,2005,0.00046
25,ES,2005,0.00049
26,ES,2005,0.00045
27,ES,2005,0.00049
28,ES,2005,0.00043
29,ES,2005,0.0005
30,ES,2005,0.00052
31,ES,2005,0.00062
32,ES,2005,0.0007
33,ES,2005,0.00069
34,ES,2005,0.00076
35,ES,2005,0.00089
36,ES,2005,0.0009
37,ES,2005,0.001
38,ES,2005,0.00114
39,ES,2005,0.00119
40,ES,2005,0.00129
41,ES,2005,0.00142
42,ES,2005,0.00153
43,ES,2005,0.0016
44,ES,2005,0.00187
45,ES,2005,0.00198
46,ES,2005,0.00218
47,ES,2005,0.00239
48,ES,2005,0.00254
49,ES,2005,0.00281
50,ES,2005,0.00311
51,ES,2005,0.00326
52,ES,2005,0.00362
53,ES,2005,0.00382
54,ES,2005,0.00426
55,ES,2005,0.00453
56,ES,2005,0.00479
57,ES,2005,0.00525
58,ES,2005,0.00567
59,ES,2005,0.0064
60,ES,2005,0.00687
61,ES,2005,0.00724
62,ES,2005,0.0079
63,ES,2005,0.00846
64,ES,2005,0.00912
65,ES,2005,0.01031
66,ES,2005,0.01115
67,ES,2005,0.01246
68,ES,2005,0.01324
69,ES,2005,0.01508
70,ES,2005,0.01647
71,ES,2005,0.01824
72,ES,2005,0.02039
73,ES,2005,0.02248
74,ES,2005,0.02581
75,ES,2005,0.02838
76,ES,2005,0.03196
77,ES,2005,0.03628
78,ES,2005,0.04112
79,ES,2005,0.0473
80,ES,2005,0.05285
81,ES,2005,0.05972
82,ES,2005,0.06748
83,ES,2005,0.07667
84,ES,2005,0.08541
85,ES,2005,0.09614
20,ES,2006,0.00044
21,ES,2006,0.00044
22,ES,2006,0.00045
23,ES,2006,0.00039
24,ES,2006,0.00041
25,ES,2006,0.00042
26,ES,2006,0.00047
27,ES,2006,0.00045
28,ES,2006,0.00043
29,ES,2006,0.00045
30,ES,2006,0.00052
31,ES,2006,0.00055
32,ES,2006,0.00059
33,ES,2006,0.00058
34,ES,2006,0.00068
35,ES,2006,0.00074
36,ES,2006,0.00084
37,ES,2006,0.00092
38,ES,2006,0.00102
39,ES,2006,0.00122
40,ES,2006,0.00123
41,ES,2006,0.00127
42,ES,2006,0.00143
43,ES,2006,0.00166
44,ES,2006,0.00186
45,ES,2006,0.00189
46,ES,2006,0.00213
47,ES,2006,0.00224
48,ES,2006,0.00257
49,ES,2006,0.0026
50,ES,2006,0.00302
51,ES,2006,0.00329
52,ES,2006,0.00358
53,ES,2006,0.00388
54,ES,2006,0.00418
55,ES,2006,0.00432
56,ES,2006,0.00486
57,ES,2006,0.00524
58,ES,2006,0.00555
59,ES,2006,0.0061
60,ES,2006,0.00674
61,ES,2006,0.00685
62,ES,2006,0.00772
63,ES,2006,0.0081
64,ES,2006,0.0091
65,ES,2006,0.00991
66,ES,2006,0.01052
67,ES,2006,0.0116
68,ES,2006,0.01288
69,ES,2006,0.0141
70,ES,2006,0.01519
71,ES,2006,0.0172
72,ES,2006,0.01945
73,ES,2006,0.02075
74,ES,2006,0.02362
75,ES,2006,0.0265
76,ES,2006,0.02943
77,ES,2006,0.03386
78,ES,2006,0.03786
79,ES,2006,0.04297
80,ES,2006,0.04871
81,ES,2006,0.05463
82,ES,2006,0.06139
83,ES,2006,0.06942
84,ES,2006,0.07888
85,ES,2006,0.09028
20,ES,2007,0.00042
21,ES,2007,0.00034
22,ES,2007,0.0004
23,ES,2007,0.00039
24,ES,2007,0.00041
25,ES,2007,0.00041
26,ES,2007,0.00045
27,ES,2007,0.00042
28,ES,2007,0.00044
29,ES,2007,0.00047
30,ES,2007,0.0005
31,ES,2007,0.00051
32,ES,2007,0.00049
33,ES,2007,0.00058
34,ES,2007,0.00064
35,ES,2007,0.00069
36,ES,2007,0.00079
37,ES,2007,0.00084
38,ES,2007,0.00097
39,ES,2007,0.00112
40,ES,2007,0.00121
41,ES,2007,0.00133
42,ES,2007,0.00159
43,ES,2007,0.00158
44,ES,2007,0.00169
45,ES,2007,0.00194
46,ES,2007,0.00199
47,ES,2007,0.00229
48,ES,2007,0.00242
49,ES,2007,0.00264
50,ES,2007,0.00297
51,ES,2007,0.00314
52,ES,2007,0.00349
53,ES,2007,0.00389
54,ES,2007,0.0042
55,ES,2007,0.00438
56,ES,2007,0.00464
57,ES,2007,0.00511
58,ES,2007,0.0057
59,ES,2007,0.00582
60,ES,2007,0.00682
61,ES,2007,0.00706
62,ES,2007,0.00745
63,ES,2007,0.00809
64,ES,2007,0.00914
65,ES,2007,0.00947
66,ES,2007,0.01055
67,ES,2007,0.01189
68,ES,2007,0.01303
69,ES,2007,0.01427
70,ES,2007,0.01557
71,ES,2007,0.01685
72,ES,2007,0.019
73,ES,2007,0.02098
74,ES,2007,0.02422
75,ES,2007,0.02675
76,ES,2007,0.0297
77,ES,2007,0.03313
78,ES,2007,0.03794
79,ES,2007,0.04258
80,ES,2007,0.04857
81,ES,2007,0.05533
82,ES,2007,0.0625
83,ES,2007,0.07149
84,ES,2007,0.08041
85,ES,2007,0.09149
20,ES,2008,0.00038
21,ES,2008,0.00034
22,ES,2008,0.00034
23,ES,2008,0.00035
24,ES,2008,0.00045
25,ES,2008,0.00039
26,ES,2008,0.00036
27,ES,2008,0.00042
28,ES,2008,0.00043
29,ES,2008,0.00043
30,ES,2008,0.00044
31,ES,2008,0.00045
32,ES,2008,0.00049
33,ES,2008,0.00054
34,ES,2008,0.00061
35,ES,2008,0.00068
36,ES,2008,0.00078
37,ES,2008,0.00079
38,ES,2008,0.00085
39,ES,2008,0.00099
40,ES,2008,0.00113
41,ES,2008,0.00123
42,ES,2008,0.00134
43,ES,2008,0.00151
44,ES,2008,0.00169
45,ES,2008,0.00189
46,ES,2008,0.00203
47,ES,2008,0.00228
48,ES,2008,0.00239
49,ES,2008,0.00276
50,ES,2008,0.00306
51,ES,2008,0.00315
52,ES,2008,0.00353
53,ES,2008,0.00374
54,ES,2008,0.00403
55,ES,2008,0.00434
56,ES,2008,0.00458
57,ES,2008,0.00499
58,ES,2008,0.00561
59,ES,2008,0.00575
60,ES,2008,0.00651
61,ES,2008,0.00687
62,ES,2008,0.0075
63,ES,2008,0.00791
64,ES,2008,0.00835
65,ES,2008,0.00929
66,ES,2008,0.0101
67,ES,2008,0.01104
68,ES,2008,0.01193
69,ES,2008,0.01384
70,ES,2008,0.01528
71,ES,2008,0.0164
72,ES,2008,0.01836
73,ES,2008,0.0201
74,ES,2008,0.0228
75,ES,2008,0.02565
76,ES,2008,0.02882
77,ES,2008,0.03227
78,ES,2008,0.03631
79,ES,2008,0.0413
80,ES,2008,0.04725
81,ES,2008,0.05309
82,ES,2008,0.06167
83,ES,2008,0.06851
84,ES,2008,0.0787
85,ES,2008,0.08855
20,ES,2009,0.00029
21,ES,2009,0.00033
22,ES,2009,0.00032
23,ES,2009,0.00035
24,ES,2009,0.00033
25,ES,2009,0.0004
26,ES,2009,0.00041
27,ES,2009,0.00037
28,ES,2009,0.00041
29,ES,2009,0.00041
30,ES,2009,0.00039
31,ES,2009,0.00045
32,ES,2009,0.00044
33,ES,2009,0.0005
34,ES,2009,0.00058
35,ES,2009,0.0006
36,ES,2009,0.00069
37,ES,2009,0.0007
38,ES,2009,0.00086
39,ES,2009,0.00084
40,ES,2009,0.00105
41,ES,2009,0.0012
42,ES,2009,0.00126
43,ES,2009,0.00136
44,ES,2009,0.00147
45,ES,2009,0.0018
46,ES,2009,0.00194
47,ES,2009,0.00218
48,ES,2009,0.00225
49,ES,2009,0.00261
50,ES,2009,0.00284
51,ES,2009,0.003
52,ES,2009,0.0032
53,ES,2009,0.00363
54,ES,2009,0.00417
55,ES,2009,0.0042
56,ES,2009,0.00461
57,ES,2009,0.00507
58,ES,2009,0.00528
59,ES,2009,0.00581
60,ES,2009,0.00611
61,ES,2009,0.00657
62,ES,2009,0.00753
63,ES,2009,0.00772
64,ES,2009,0.00836
65,ES,2009,0.0095
66,ES,2009,0.00998
67,ES,2009,0.01105
68,ES,2009,0.01191
69,ES,2009,0.01323
70,ES,2009,0.0142
71,ES,2009,0.01598
72,ES,2009,0.01814
73,ES,2009,0.01976
74,ES,2009,0.02217
75,ES,2009,0.02492
76,ES,2009,0.02758
77,ES,2009,0.03124
78,ES,2009,0.03502
79,ES,2009,0.0402
80,ES,2009,0.04607
81,ES,2009,0.0521
82,ES,2009,0.05898
83,ES,2009,0.06667
84,ES,2009,0.07462
85,ES,2009,0.08491
20,ES,2010,0.00032
21,ES,2010,0.00026
22,ES,2010,0.00032
23,ES,2010,0.0003
24,ES,2010,0.0003
25,ES,2010,0.00034
26,ES,2010,0.00028
27,ES,2010,0.00032
28,ES,2010,0.00033
29,ES,2010,0.00037
30,ES,2010,0.00039
31,ES,2010,0.00038
32,ES,2010,0.00044
33,ES,2010,0.00046
34,ES,2010,0.0005
35,ES,2010,0.00055
36,ES,2010,0.00062
37,ES,2010,0.00067
38,ES,2010,0.00074
39,ES,2010,0.00083
40,ES,2010,0.00096
41,ES,2010,0.00105
42,ES,2010,0.00121
43,ES,2010,0.00133
44,ES,2010,0.00152
45,ES,2010,0.00163
46,ES,2010,0.00189
47,ES,2010,0.00207
48,ES,2010,0.00219
49,ES,2010,0.00248
50,ES,2010,0.00271
51,ES,2010,0.00302
52,ES,2010,0.00338
53,ES,2010,0.00352
54,ES,2010,0.00388
55,ES,2010,0.00414
56,ES,2010,0.00458
57,ES,2010,0.00504
58,ES,2010,0.00526
59,ES,2010,0.0058
60,ES,2010,0.0061
61,ES,2010,0.00629
62,ES,2010,0.00707
63,ES,2010,0.00768
64,ES,2010,0.00817
65,ES,2010,0.00879
66,ES,2010,0.00975
67,ES,2010,0.01056
68,ES,2010,0.01166
69,ES,2010,0.01244
70,ES,2010,0.014
71,ES,2010,0.01545
72,ES,2010,0.01757
73,ES,2010,0.01924
74,ES,2010,0.02071
75,ES,2010,0.02391
76,ES,2010,0.02631
77,ES,2010,0.02975
78,ES,2010,0.03383
79,ES,2010,0.03826
80,ES,2010,0.04393
81,ES,2010,0.05012
82,ES,2010,0.05598
83,ES,2010,0.06442
84,ES,2010,0.07206
85,ES,2010,0.08265
20,ES,2011,0.0003
21,ES,2011,0.00032
22,ES,2011,0.00028
23,ES,2011,0.00026
24,ES,2011,0.00029
25,ES,2011,0.00032
26,ES,2011,0.00029
27,ES,2011,0.00033
28,ES,2011,0.00033
29,ES,2011,0.00035
30,ES,2011,0.00041
31,ES,2011,0.00041
32,ES,2011,0.0004
33,ES,2011,0.00045
34,ES,2011,0.00047
35,ES,2011,0.00052
36,ES,2011,0.00057
37,ES,2011,0.00066
38,ES,2011,0.00069
39,ES,2011,0.00081
40,ES,2011,0.0009
41,ES,2011,0.00097
42,ES,2011,0.00113
43,ES,2011,0.00133
44,ES,2011,0.0014
45,ES,2011,0.00152
46,ES,2011,0.00172
47,ES,2011,0.00201
48,ES,2011,0.00216
49,ES,2011,0.00243
50,ES,2011,0.00269
51,ES,2011,0.00298
52,ES,2011,0.00338
53,ES,2011,0.00346
54,ES,2011,0.00382
55,ES,2011,0.00392
56,ES,2011,0.00467
57,ES,2011,0.0049
58,ES,2011,0.00518
59,ES,2011,0.00575
60,ES,2011,0.00612
61,ES,2011,0.00642
62,ES,2011,0.00704
63,ES,2011,0.00768
64,ES,2011,0.00805
65,ES,2011,0.00886
66,ES,2011,0.00933
67,ES,2011,0.01043
68,ES,2011,0.01139
69,ES,2011,0.01261
70,ES,2011,0.01372
71,ES,2011,0.01489
72,ES,2011,0.01692
73,ES,2011,0.01896
74,ES,2011,0.02097
75,ES,2011,0.02271
76,ES,2011,0.02612
77,ES,2011,0.02932
78,ES,2011,0.03295
79,ES,2011,0.03761
80,ES,2011,0.04276
81,ES,2011,0.04952
82,ES,2011,0.05516
83,ES,2011,0.06319
84,ES,2011,0.07163
85,ES,2011,0.08235
20,ES,2012,0.00027
21,ES,2012,0.00026
22,ES,2012,0.00028
23,ES,2012,0.00028
24,ES,2012,0.00027
25,ES,2012,0.0003
26,ES,2012,0.00031
27,ES,2012,0.00032
28,ES,2012,0.00027
29,ES,2012,0.00037
30,ES,2012,0.00037
31,ES,2012,0.00041
32,ES,2012,0.00042
33,ES,2012,0.00043
34,ES,2012,0.00047
35,ES,2012,0.0005
36,ES,2012,0.00055
37,ES,2012,0.00064
38,ES,2012,0.00067
39,ES,2012,0.00075
40,ES,2012,0.00086
41,ES,2012,0.00092
42,ES,2012,0.00101
43,ES,2012,0.00124
44,ES,2012,0.00141
45,ES,2012,0.00152
46,ES,2012,0.00165
47,ES,2012,0.0019
48,ES,2012,0.00222
49,ES,2012,0.00236
50,ES,2012,0.00241
51,ES,2012,0.00287
52,ES,2012,0.00311
53,ES,2012,0.00347
54,ES,2012,0.00366
55,ES,2012,0.00392
56,ES,2012,0.00432
57,ES,2012,0.00488
58,ES,2012,0.00515
59,ES,2012,0.00554
60,ES,2012,0.00607
61,ES,2012,0.00659
62,ES,2012,0.00711
63,ES,2012,0.00756
64,ES,2012,0.00805
65,ES,2012,0.0087
66,ES,2012,0.00941
67,ES,2012,0.01032
68,ES,2012,0.01143
69,ES,2012,0.01244
70,ES,2012,0.01362
71,ES,2012,0.0151
72,ES,2012,0.01619
73,ES,2012,0.01869
74,ES,2012,0.02096
75,ES,2012,0.02358
76,ES,2012,0.0256
77,ES,2012,0.02938
78,ES,2012,0.03312
79,ES,2012,0.0374
80,ES,2012,0.04303
81,ES,2012,0.04857
82,ES,2012,0.05608
83,ES,2012,0.06475
84,ES,2012,0.07274
85,ES,2012,0.08344
20,ES,2013,0.00024
21,ES,2013,0.00025
22,ES,2013,0.00025
23,ES,2013,0.00023
24,ES,2013,0.00024
25,ES,2013,0.00027
26,ES,2013,0.00028
27,ES,2013,0.0003
28,ES,2013,0.00028
29,ES,2013,0.00032
30,ES,2013,0.00034
31,ES,2013,0.00032
32,ES,2013,0.00035
33,ES,2013,0.00041
34,ES,2013,0.00044
35,ES,2013,0.00046
36,ES,2013,0.00053
37,ES,2013,0.00056
38,ES,2013,0.0006
39,ES,2013,0.00073
40,ES,2013,0.00074
41,ES,2013,0.00086
42,ES,2013,0.00103
43,ES,2013,0.0011
44,ES,2013,0.00126
45,ES,2013,0.00147
46,ES,2013,0.0016
47,ES,2013,0.00185
48,ES,2013,0.00204
49,ES,2013,0.0023
50,ES,2013,0.00256
51,ES,2013,0.00278
52,ES,2013,0.00315
53,ES,2013,0.00334
54,ES,2013,0.0036
55,ES,2013,0.004
56,ES,2013,0.00443
57,ES,2013,0.0047
58,ES,2013,0.00496
59,ES,2013,0.00548
60,ES,2013,0.00608
61,ES,2013,0.00639
62,ES,2013,0.00671
63,ES,2013,0.00762
64,ES,2013,0.00812
65,ES,2013,0.00878
66,ES,2013,0.00934
67,ES,2013,0.00994
68,ES,2013,0.01071
69,ES,2013,0.01227
70,ES,2013,0.01346
71,ES,2013,0.01431
72,ES,2013,0.01567
73,ES,2013,0.01766
74,ES,2013,0.01989
75,ES,2013,0.02269
76,ES,2013,0.02459
77,ES,2013,0.02746
78,ES,2013,0.03105
79,ES,2013,0.03568
80,ES,2013,0.04044
81,ES,2013,0.04584
82,ES,2013,0.05206
83,ES,2013,0.06015
84,ES,2013,0.06765
85,ES,2013,0.07714
20,ES,2014,0.00027
21,ES,2014,0.00027
22,ES,2014,0.00028
23,ES,2014,0.00027
24,ES,2014,0.00025
25,ES,2014,0.00025
26,ES,2014,0.00026
27,ES,2014,0.00028
28,ES,2014,0.00028
29,ES,2014,0.00028
30,ES,2014,0.00034
31,ES,2014,0.00038
32,ES,2014,0.00036
33,ES,2014,0.00042
34,ES,2014,0.00043
35,ES,2014,0.00043
36,ES,2014,0.00044
37,ES,2014,0.0005
38,ES,2014,0.00058
39,ES,2014,0.00062
40,ES,2014,0.00077
41,ES,2014,0.00086
42,ES,2014,0.00094
43,ES,2014,0.0011
44,ES,2014,0.00124
45,ES,2014,0.00147
46,ES,2014,0.00155
47,ES,2014,0.00175
48,ES,2014,0.00201
49,ES,2014,0.00224
50,ES,2014,0.0024
51,ES,2014,0.0027
52,ES,2014,0.00299
53,ES,2014,0.00317
54,ES,2014,0.00355
55,ES,2014,0.00398
56,ES,2014,0.00423
57,ES,2014,0.00452
58,ES,2014,0.00498
59,ES,2014,0.00547
60,ES,2014,0.00594
61,ES,2014,0.00644
62,ES,2014,0.00695
63,ES,2014,0.00728
64,ES,2014,0.00784
65,ES,2014,0.00861
66,ES,2014,0.00931
67,ES,2014,0.01001
68,ES,2014,0.01094
69,ES,2014,0.01173
70,ES,2014,0.01333
71,ES,2014,0.01426
72,ES,2014,0.01568
73,ES,2014,0.01724
74,ES,2014,0.01942
75,ES,2014,0.02218
76,ES,2014,0.02424
77,ES,2014,0.02783
78,ES,2014,0.03033
79,ES,2014,0.03497
80,ES,2014,0.03986
81,ES,2014,0.04456
82,ES,2014,0.05143
83,ES,2014,0.05805
84,ES,2014,0.06707
85,ES,2014,0.07634
20,ES,2015,0.00022
21,ES,2015,0.00023
22,ES,2015,0.00022
23,ES,2015,0.00027
24,ES,2015,0.00026
25,ES,2015,0.00028
26,ES,2015,0.00026
27,ES,2015,0.00029
28,ES,2015,0.0003
29,ES,2015,0.00033
30,ES,2015,0.00028
31,ES,2015,0.00034
32,ES,2015,0.00037
33,ES,2015,0.00037
34,ES,2015,0.00042
35,ES,2015,0.00045
36,ES,2015,0.00052
37,ES,2015,0.00053
38,ES,2015,0.00059
39,ES,2015,0.00062
40,ES,2015,0.00069
41,ES,2015,0.00081
42,ES,2015,0.00094
43,ES,2015,0.00107
44,ES,2015,0.00114
45,ES,2015,0.00134
46,ES,2015,0.00144
47,ES,2015,0.00171
48,ES,2015,0.00192
49,ES,2015,0.00208
50,ES,2015,0.00239
51,ES,2015,0.00272
52,ES,2015,0.00298
53,ES,2015,0.00327
54,ES,2015,0.00353
55,ES,2015,0.00394
56,ES,2015,0.00424
57,ES,2015,0.0048
58,ES,2015,0.00511
59,ES,2015,0.00569
60,ES,2015,0.00606
61,ES,2015,0.00624
62,ES,2015,0.00709
63,ES,2015,0.00736
64,ES,2015,0.00785
65,ES,2015,0.00848
66,ES,2015,0.00941
67,ES,2015,0.01026
68,ES,2015,0.01121
69,ES,2015,0.01209
70,ES,2015,0.01353
71,ES,2015,0.01464
72,ES,2015,0.01588
73,ES,2015,0.01749
74,ES,2015,0.01932
75,ES,2015,0.02172
76,ES,2015,0.02504
77,ES,2015,0.0289
78,ES,2015,0.03184
79,ES,2015,0.03594
80,ES,2015,0.04085
81,ES,2015,0.04719
82,ES,2015,0.05366
83,ES,2015,0.06138
84,ES,2015,0.06987
85,ES,2015,0.08088
20,ES,2016,0.00023
21,ES,2016,0.00019
22,ES,2016,0.00026
23,ES,2016,0.00026
24,ES,2016,0.00023
25,ES,2016,0.00022
26,ES,2016,0.00029
27,ES,2016,0.0003
28,ES,2016,0.00027
29,ES,2016,0.00032
30,ES,2016,0.00039
31,ES,2016,0.00036
32,ES,2016,0.00033
33,ES,2016,0.0004
34,ES,2016,0.00043
35,ES,2016,0.00044
36,ES,2016,0.00049
37,ES,2016,0.00052
38,ES,2016,0.00053
39,ES,2016,0.00064
40,ES,2016,0.00075
41,ES,2016,0.00083
42,ES,2016,0.00082
43,ES,2016,0.00095
44,ES,2016,0.0011
45,ES,2016,0.00127
46,ES,2016,0.00135
47,ES,2016,0.00159
48,ES,2016,0.00192
49,ES,2016,0.00197
50,ES,2016,0.00232
51,ES,2016,0.00262
52,ES,2016,0.00296
53,ES,2016,0.00323
54,ES,2016,0.00347
55,ES,2016,0.00371
56,ES,2016,0.0042
57,ES,2016,0.00457
58,ES,2016,0.0049
59,ES,2016,0.00532
60,ES,2016,0.00588
61,ES,2016,0.00638
62,ES,2016,0.00662
63,ES,2016,0.00745
64,ES,2016,0.00811
65,ES,2016,0.00864
66,ES,2016,0.00939
67,ES,2016,0.0098
68,ES,2016,0.01108
69,ES,2016,0.01184
70,ES,2016,0.01259
71,ES,2016,0.01438
72,ES,2016,0.01559
73,ES,2016,0.01718
74,ES,2016,0.01939
75,ES,2016,0.02162
76,ES,2016,0.02377
77,ES,2016,0.02689
78,ES,2016,0.02983
79,ES,2016,0.03451
80,ES,2016,0.03776
81,ES,2016,0.04327
82,ES,2016,0.05008
83,ES,2016,0.05722
84,ES,2016,0.06597
85,ES,2016,0.07588
20,ES,2017,0.00024
21,ES,2017,0.00024
22,ES,2017,0.00023
23,ES,2017,0.00026
24,ES,2017,0.00027
25,ES,2017,0.0003
26,ES,2017,0.00028
27,ES,2017,0.0003
28,ES,2017,0.0003
29,ES,2017,0.00033
30,ES,2017,0.00033
31,ES,2017,0.00032
32,ES,2017,0.00038
33,ES,2017,0.00041
34,ES,2017,0.00041
35,ES,2017,0.00047
36,ES,2017,0.00048
37,ES,2017,0.00056
38,ES,2017,0.00064
39,ES,2017,0.0006
40,ES,2017,0.00074
41,ES,2017,0.00073
42,ES,2017,0.00083
43,ES,2017,0.00097
44,ES,2017,0.00104
45,ES,2017,0.0012
46,ES,2017,0.00134
47,ES,2017,0.00164
48,ES,2017,0.00182
49,ES,2017,0.00196
50,ES,2017,0.00229
51,ES,2017,0.00257
52,ES,2017,0.00284
53,ES,2017,0.00297
54,ES,2017,0.00338
55,ES,2017,0.00371
56,ES,2017,0.00414
57,ES,2017,0.0045
58,ES,2017,0.00485
59,ES,2017,0.0053
60,ES,2017,0.00572
61,ES,2017,0.00618
62,ES,2017,0.00673
63,ES,2017,0.0075
64,ES,2017,0.00769
65,ES,2017,0.00863
66,ES,2017,0.00931
67,ES,2017,0.0101
68,ES,2017,0.01093
69,ES,2017,0.01163
70,ES,2017,0.01296
71,ES,2017,0.01411
72,ES,2017,0.01538
73,ES,2017,0.01713
74,ES,2017,0.01934
75,ES,2017,0.02072
76,ES,2017,0.02334
77,ES,2017,0.02646
78,ES,2017,0.03013
79,ES,2017,0.03435
80,ES,2017,0.03857
81,ES,2017,0.04409
82,ES,2017,0.05015
83,ES,2017,0.05728
84,ES,2017,0.06635
85,ES,2017,0.07617
20,ES,2018,0.00022
21,ES,2018,0.00024
22,ES,2018,0.00022
23,ES,2018,0.00026
24,ES,2018,0.00029
25,ES,2018,0.00025
26,ES,2018,0.00032
27,ES,2018,0.00025
28,ES,2018,0.00034
29,ES,2018,0.00037
30,ES,2018,0.00037
31,ES,2018,0.00037
32,ES,2018,0.00035
33,ES,2018,0.00038
34,ES,2018,0.00046
35,ES,2018,0.00048
36,ES,2018,0.00049
37,ES,2018,0.0005
38,ES,2018,0.00056
39,ES,2018,0.00063
40,ES,2018,0.00071
41,ES,2018,0.00078
42,ES,2018,0.00083
43,ES,2018,0.00098
44,ES,2018,0.00095
45,ES,2018,0.00114
46,ES,2018,0.00132
47,ES,2018,0.00152
48,ES,2018,0.00169
49,ES,2018,0.00195
50,ES,2018,0.00218
51,ES,2018,0.00244
52,ES,2018,0.00262
53,ES,2018,0.00299
54,ES,2018,0.00346
55,ES,2018,0.00374
56,ES,2018,0.00407
57,ES,2018,0.00444
58,ES,2018,0.00491
59,ES,2018,0.00526
60,ES,2018,0.00579
61,ES,2018,0.00639
62,ES,2018,0.00693
63,ES,2018,0.00743
64,ES,2018,0.00802
65,ES,2018,0.00849
66,ES,2018,0.00941
67,ES,2018,0.01001
68,ES,2018,0.0106
69,ES,2018,0.01192
70,ES,2018,0.01288
71,ES,2018,0.0143
72,ES,2018,0.01512
73,ES,2018,0.01672
74,ES,2018,0.01869
75,ES,2018,0.02051
76,ES,2018,0.02359
77,ES,2018,0.02578
78,ES,2018,0.02967
79,ES,2018,0.03375
80,ES,2018,0.03903
81,ES,2018,0.04372
82,ES,2018,0.04919
83,ES,2018,0.05611
84,ES,2018,0.06538
85,ES,2018,0.07398
20,ES,2019,0.00021
21,ES,2019,0.00022
22,ES,2019,0.00022
23,ES,2019,0.00025
24,ES,2019,0.00026
25,ES,2019,0.0003
26,ES,2019,0.00026
27,ES,2019,0.0003
28,ES,2019,0.00028
29,ES,2019,0.0003
30,ES,2019,0.00033
31,ES,2019,0.00037
32,ES,2019,0.00036
33,ES,2019,0.00035
34,ES,2019,0.00041
35,ES,2019,0.00042
36,ES,2019,0.00044
37,ES,2019,0.00052
38,ES,2019,0.00057
39,ES,2019,0.00065
40,ES,2019,0.00063
41,ES,2019,0.00068
42,ES,2019,0.00079
43,ES,2019,0.00088
44,ES,2019,0.00091
45,ES,2019,0.00111
46,ES,2019,0.00125
47,ES,2019,0.00149
48,ES,2019,0.00167
49,ES,2019,0.00191
50,ES,2019,0.00207
51,ES,2019,0.00239
52,ES,2019,0.00266
53,ES,2019,0.00293
54,ES,2019,0.00334
55,ES,2019,0.00358
56,ES,2019,0.00407
57,ES,2019,0.00432
58,ES,2019,0.00454
59,ES,2019,0.00515
60,ES,2019,0.00563
61,ES,2019,0.00622
62,ES,2019,0.0067
63,ES,2019,0.00717
64,ES,2019,0.00786
65,ES,2019,0.00845
66,ES,2019,0.00914
67,ES,2019,0.00999
68,ES,2019,0.01022
69,ES,2019,0.01143
70,ES,2019,0.01224
71,ES,2019,0.01368
72,ES,2019,0.01526
73,ES,2019,0.01655
74,ES,2019,0.01838
75,ES,2019,0.02026
76,ES,2019,0.02217
77,ES,2019,0.02489
78,ES,2019,0.02783
79,ES,2019,0.03084
80,ES,2019,0.03659
81,ES,2019,0.04164
82,ES,2019,0.04732
83,ES,2019,0.05352
84,ES,2019,0.06157
85,ES,2019,0.07079
20,ES,2022,0.00025
21,ES,2022,0.00031
22,ES,2022,0.00028
23,ES,2022,0.00027
24,ES,2022,0.00032
25,ES,2022,0.00027
26,ES,2022,0.00026
27,ES,2022,0.00028
28,ES,2022,0.0003
29,ES,2022,0.00034
30,ES,2022,0.00035
31,ES,2022,0.00035
32,ES,2022,0.00039
33,ES,2022,0.00047
34,ES,2022,0.00054
35,ES,2022,0.00048
36,ES,2022,0.00052
37,ES,2022,0.00056
38,ES,2022,0.00059
39,ES,2022,0.00065
40,ES,2022,0.00075
41,ES,2022,0.00082
42,ES,2022,0.00087
43,ES,2022,0.00096
44,ES,2022,0.00103
45,ES,2022,0.00113
46,ES,2022,0.00127
47,ES,2022,0.0013
48,ES,2022,0.00155
49,ES,2022,0.00173
50,ES,2022,0.00199
51,ES,2022,0.0023
52,ES,2022,0.00254
53,ES,2022,0.00289
54,ES,2022,0.0031
55,ES,2022,0.00347
56,ES,2022,0.00395
57,ES,2022,0.00438
58,ES,2022,0.00464
59,ES,2022,0.00528
60,ES,2022,0.00587
61,ES,2022,0.00626
62,ES,2022,0.00679
63,ES,2022,0.00751
64,ES,2022,0.00821
65,ES,2022,0.00916
66,ES,2022,0.00955
67,ES,2022,0.01042
68,ES,2022,0.0111
69,ES,2022,0.01252
70,ES,2022,0.01331
71,ES,2022,0.01457
72,ES,2022,0.01582
73,ES,2022,0.01736
74,ES,2022,0.01908
75,ES,2022,0.02164
76,ES,2022,0.02371
77,ES,2022,0.02636
78,ES,2022,0.02971
79,ES,2022,0.03375
80,ES,2022,0.03785
81,ES,2022,0.04218
82,ES,2022,0.04872
83,ES,2022,0.05566
84,ES,2022,0.06443
85,ES,2022,0.07429
20,ES,2023,0.00025
21,ES,2023,0.00026
22,ES,2023,0.00027
23,ES,2023,0.00026
24,ES,2023,0.00029
25,ES,2023,0.00031
26,ES,2023,0.00027
27,ES,2023,0.0003
28,ES,2023,0.0003
29,ES,2023,0.00032
30,ES,2023,0.00034
31,ES,2023,0.00036
32,ES,2023,0.00039
33,ES,2023,0.00044
34,ES,2023,0.00044
35,ES,2023,0.00048
36,ES,2023,0.00047
37,ES,2023,0.00057
38,ES,2023,0.0006
39,ES,2023,0.00058
40,ES,2023,0.00071
41,ES,2023,0.00077
42,ES,2023,0.00078
43,ES,2023,0.0009
44,ES,2023,0.00102
45,ES,2023,0.00104
46,ES,2023,0.00121
47,ES,2023,0.00129
48,ES,2023,0.00146
49,ES,2023,0.00165
50,ES,2023,0.00181
51,ES,2023,0.00211
52,ES,2023,0.00224
53,ES,2023,0.00262
54,ES,2023,0.00295
55,ES,2023,0.00331
56,ES,2023,0.00364
57,ES,2023,0.00407
58,ES,2023,0.00455
59,ES,2023,0.00484
60,ES,2023,0.00533
61,ES,2023,0.00587
62,ES,2023,0.00657
63,ES,2023,0.00707
64,ES,2023,0.00764
65,ES,2023,0.00831
66,ES,2023,0.0088
67,ES,2023,0.01011
68,ES,2023,0.0107
69,ES,2023,0.01178
70,ES,2023,0.0124
71,ES,2023,0.01354
72,ES,2023,0.01452
73,ES,2023,0.01623
74,ES,2023,0.01833
75,ES,2023,0.01984
76,ES,2023,0.02245
77,ES,2023,0.02469
78,ES,2023,0.02777
79,ES,2023,0.03127
80,ES,2023,0.03421
81,ES,2023,0.03957
82,ES,2023,0.04452
83,ES,2023,0.05106
84,ES,2023,0.05867
85,ES,2023,0.06829
20,ES,2024,0.0001729154306827
21,ES,2024,0.0001860730179065
22,ES,2024,0.0001858310403781
23,ES,2024,0.0001985524118403
24,ES,2024,0.0002119251627321
25,ES,2024,0.0002142114299273
26,ES,2024,0.0002103495760157
27,ES,2024,0.0002224474995205
28,ES,2024,0.0002236225066513
29,ES,2024,0.0002538400411785
30,ES,2024,0.0002620812616443
31,ES,2024,0.0002680176884012
32,ES,2024,0.0002745240669677
33,ES,2024,0.0003067875360318
34,ES,2024,0.0003392473050191
35,ES,2024,0.0003448202452217
36,ES,2024,0.0003619507130714
37,ES,2024,0.0004083806589922
38,ES,2024,0.0004422102022678
39,ES,2024,0.0004783115907988
40,ES,2024,0.0005591457292165
41,ES,2024,0.000617255989001
42,ES,2024,0.0006792273037222
43,ES,2024,0.0007908980478137
44,ES,2024,0.0008509265173918
45,ES,2024,0.0009840512020183
46,ES,2024,0.001115715091453
47,ES,2024,0.0012708523550064
48,ES,2024,0.0014739884293682
49,ES,2024,0.001665255826835
50,ES,2024,0.0018764661958361
51,ES,2024,0.0021954295045046
52,ES,2024,0.0024213333752846
53,ES,2024,0.002701610040252
54,ES,2024,0.0030254730889433
55,ES,2024,0.0033380308967474
56,ES,2024,0.0037465946488192
57,ES,2024,0.0041092905493426
58,ES,2024,0.0044434035816717
59,ES,2024,0.0048802718964659
60,ES,2024,0.0053121236515539
61,ES,2024,0.0057663746017191
62,ES,2024,0.0062961817561106
63,ES,2024,0.0067604543589096
64,ES,2024,0.0072314317639628
65,ES,2024,0.007850362109028
66,ES,2024,0.0083974263460279
67,ES,2024,0.0091134360643405
68,ES,2024,0.0097484168595867
69,ES,2024,0.0106589140049293
70,ES,2024,0.0114433894080344
71,ES,2024,0.0125434777507005
72,ES,2024,0.0135419058628736
73,ES,2024,0.0149597182019846
74,ES,2024,0.0166815761471899
75,ES,2024,0.0184141965054458
76,ES,2024,0.0205128826868839
77,ES,2024,0.0229501578529083
78,ES,2024,0.0257962267571065
79,ES,2024,0.0293931871438081
80,ES,2024,0.0333854498251056
81,ES,2024,0.0380978484698985
82,ES,2024,0.0435271568247778
83,ES,2024,0.0500452148373388
84,ES,2024,0.0579030012137751
85,ES,2024,0.0672026739980257
20,ES,2025,0.0001646739450103
21,ES,2025,0.0001783827485878
22,ES,2025,0.0001778190522716
23,ES,2025,0.000190832604877
24,ES,2025,0.0002043109078621
25,ES,2025,0.0002060987292662
26,ES,2025,0.000202129101905
27,ES,2025,0.0002139107889562
28,ES,2025,0.0002148681199173
29,ES,2025,0.0002447782829087
30,ES,2025,0.0002521846302351
31,ES,2025,0.0002573199441095
32,ES,2025,0.0002631588297823
33,ES,2025,0.0002945974580496
34,ES,2025,0.0003261193048424
35,ES,2025,0.0003303261913847
36,ES,2025,0.0003457985710889
37,ES,2025,0.000391122842393
38,ES,2025,0.0004231236781909
39,ES,2025,0.000457188163891
40,ES,2025,0.000536405621954
41,ES,2025,0.0005927176212811
42,ES,2025,0.0006525138512672
43,ES,2025,0.0007620862646334
44,ES,2025,0.0008186652316471
45,ES,2025,0.000949179209408
46,ES,2025,0.0010790355607235
47,ES,2025,0.0012299238367701
48,ES,2025,0.0014316609919674
49,ES,2025,0.0016213491418447
50,ES,2025,0.0018291942780906
51,ES,2025,0.002149971927384
52,ES,2025,0.0023718755586779
53,ES,2025,0.0026514786919676
54,ES,2025,0.0029738823606666
55,ES,2025,0.003287321028354
56,ES,2025,0.0036954487414913
57,ES,2025,0.0040549990557502
58,ES,2025,0.0043873750976183
59,ES,2025,0.0048203224432436
60,ES,2025,0.0052439877888114
61,ES,2025,0.0057005007216833
62,ES,2025,0.0062259602818026
63,ES,2025,0.006679396385863
64,ES,2025,0.0071397741842082
65,ES,2025,0.007747507946871
66,ES,2025,0.008279689064228
67,ES,2025,0.00897966829388
68,ES,2025,0.009596159953574
69,ES,2025,0.0104833218915376
70,ES,2025,0.0112379800168541
71,ES,2025,0.0123157644658811
72,ES,2025,0.0132725514126067
73,ES,2025,0.0146602233257333
74,ES,2025,0.0163412432677183
75,ES,2025,0.0180222643043643
76,ES,2025,0.0200753695724348
77,ES,2025,0.0224486967384104
78,ES,2025,0.0252325142212191
79,ES,2025,0.0287625928483336
80,ES,2025,0.0326770464621635
81,ES,2025,0.0373089371258031
82,ES,2025,0.042645670594304
83,ES,2025,0.0490746587149208
84,ES,2025,0.0568538089750416
85,ES,2025,0.0660776559674981
20,FR,2004,0.00059
21,FR,2004,0.00059
22,FR,2004,0.00059
23,FR,2004,0.00061
24,FR,2004,0.00059
25,FR,2004,0.00058
26,FR,2004,0.0006
27,FR,2004,0.0006
28,FR,2004,0.00059
29,FR,2004,0.00066
30,FR,2004,0.00072
31,FR,2004,0.00073
32,FR,2004,0.00072
33,FR,2004,0.00089
34,FR,2004,0.00086
35,FR,2004,0.001
36,FR,2004,0.00105
37,FR,2004,0.0012
38,FR,2004,0.00128
39,FR,2004,0.00137
40,FR,2004,0.00151
41,FR,2004,0.00169
42,FR,2004,0.00188
43,FR,2004,0.0022
44,FR,2004,0.00235
45,FR,2004,0.00252
46,FR,2004,0.00282
47,FR,2004,0.00311
48,FR,2004,0.00344
49,FR,2004,0.0036
50,FR,2004,0.00411
51,FR,2004,0.00431
52,FR,2004,0.00442
53,FR,2004,0.00493
54,FR,2004,0.00517
55,FR,2004,0.00543
56,FR,2004,0.00566
57,FR,2004,0.00623
58,FR,2004,0.00667
59,FR,2004,0.0074
60,FR,2004,0.00772
61,FR,2004,0.00811
62,FR,2004,0.00868
63,FR,2004,0.00935
64,FR,2004,0.00985
65,FR,2004,0.01072
66,FR,2004,0.0114
67,FR,2004,0.01208
68,FR,2004,0.0136
69,FR,2004,0.01449
70,FR,2004,0.01616
71,FR,2004,0.01763
72,FR,2004,0.01921
73,FR,2004,0.02145
74,FR,2004,0.02398
75,FR,2004,0.02554
76,FR,2004,0.02938
77,FR,2004,0.03209
78,FR,2004,0.03541
79,FR,2004,0.04002
80,FR,2004,0.04598
81,FR,2004,0.05075
82,FR,2004,0.05739
83,FR,2004,0.06494
84,FR,2004,0.07331
85,FR,2004,0.0823
20,FR,2005,0.00058
21,FR,2005,0.00057
22,FR,2005,0.00058
23,FR,2005,0.00065
24,FR,2005,0.00057
25,FR,2005,0.00058
26,FR,2005,0.00063
27,FR,2005,0.00056
28,FR,2005,0.00059
29,FR,2005,0.00064
30,FR,2005,0.00068
31,FR,2005,0.00077
32,FR,2005,0.00077
33,FR,2005,0.00081
34,FR,2005,0.00087
35,FR,2005,0.00092
36,FR,2005,0.00106
37,FR,2005,0.00108
38,FR,2005,0.00124
39,FR,2005,0.00135
40,FR,2005,0.00154
41,FR,2005,0.00159
42,FR,2005,0.00176
43,FR,2005,0.00193
44,FR,2005,0.00223
45,FR,2005,0.00249
46,FR,2005,0.00277
47,FR,2005,0.00306
48,FR,2005,0.00343
49,FR,2005,0.00378
50,FR,2005,0.00405
51,FR,2005,0.00428
52,FR,2005,0.00444
53,FR,2005,0.00482
54,FR,2005,0.00522
55,FR,2005,0.00541
56,FR,2005,0.00581
57,FR,2005,0.00637
58,FR,2005,0.00673
59,FR,2005,0.00722
60,FR,2005,0.00782
61,FR,2005,0.00798
62,FR,2005,0.00871
63,FR,2005,0.00912
64,FR,2005,0.00992
65,FR,2005,0.01056
66,FR,2005,0.01149
67,FR,2005,0.01235
68,FR,2005,0.01337
69,FR,2005,0.01464
70,FR,2005,0.01572
71,FR,2005,0.01804
72,FR,2005,0.01935
73,FR,2005,0.02105
74,FR,2005,0.02374
75,FR,2005,0.0256
76,FR,2005,0.02851
77,FR,2005,0.03215
78,FR,2005,0.03572
79,FR,2005,0.04017
80,FR,2005,0.04603
81,FR,2005,0.0521
82,FR,2005,0.05861
83,FR,2005,0.06598
84,FR,2005,0.07449
85,FR,2005,0.08511
20,FR,2006,0.00051
21,FR,2006,0.00051
22,FR,2006,0.0005
23,FR,2006,0.00055
24,FR,2006,0.00059
25,FR,2006,0.00051
26,FR,2006,0.00059
27,FR,2006,0.00057
28,FR,2006,0.0006
29,FR,2006,0.00059
30,FR,2006,0.00061
31,FR,2006,0.00071
32,FR,2006,0.00073
33,FR,2006,0.00077
34,FR,2006,0.00086
35,FR,2006,0.00092
36,FR,2006,0.00107
37,FR,2006,0.00106
38,FR,2006,0.00122
39,FR,2006,0.0013
40,FR,2006,0.00145
41,FR,2006,0.00157
42,FR,2006,0.00175
43,FR,2006,0.0019
44,FR,2006,0.00213
45,FR,2006,0.00237
46,FR,2006,0.00278
47,FR,2006,0.00294
48,FR,2006,0.00322
49,FR,2006,0.00355
50,FR,2006,0.004
51,FR,2006,0.00445
52,FR,2006,0.0045
53,FR,2006,0.00486
54,FR,2006,0.0051
55,FR,2006,0.00545
56,FR,2006,0.00588
57,FR,2006,0.00627
58,FR,2006,0.00646
59,FR,2006,0.00693
60,FR,2006,0.00751
61,FR,2006,0.00786
62,FR,2006,0.00852
63,FR,2006,0.00926
64,FR,2006,0.00972
65,FR,2006,0.01039
66,FR,2006,0.01092
67,FR,2006,0.012
68,FR,2006,0.01323
69,FR,2006,0.01392
70,FR,2006,0.01515
71,FR,2006,0.01681
72,FR,2006,0.01848
73,FR,2006,0.02032
74,FR,2006,0.02239
75,FR,2006,0.02449
76,FR,2006,0.028
77,FR,2006,0.03055
78,FR,2006,0.03418
79,FR,2006,0.03792
80,FR,2006,0.04394
81,FR,2006,0.0486
82,FR,2006,0.05541
83,FR,2006,0.06234
84,FR,2006,0.07039
85,FR,2006,0.07977
20,FR,2007,0.00054
21,FR,2007,0.00054
22,FR,2007,0.00049
23,FR,2007,0.00057
24,FR,2007,0.00052
25,FR,2007,0.00057
26,FR,2007,0.00061
27,FR,2007,0.00061
28,FR,2007,0.0006
29,FR,2007,0.0006
30,FR,2007,0.00061
31,FR,2007,0.00062
32,FR,2007,0.0007
33,FR,2007,0.00071
34,FR,2007,0.0008
35,FR,2007,0.00087
36,FR,2007,0.00098
37,FR,2007,0.00109
38,FR,2007,0.00116
39,FR,2007,0.0012
40,FR,2007,0.00135
41,FR,2007,0.00154
42,FR,2007,0.00171
43,FR,2007,0.0018
44,FR,2007,0.00205
45,FR,2007,0.00237
46,FR,2007,0.0025
47,FR,2007,0.00279
48,FR,2007,0.00306
49,FR,2007,0.00356
50,FR,2007,0.00373
51,FR,2007,0.00411
52,FR,2007,0.00449
53,FR,2007,0.00479
54,FR,2007,0.00508
55,FR,2007,0.00548
56,FR,2007,0.0057
57,FR,2007,0.00632
58,FR,2007,0.00656
59,FR,2007,0.00691
60,FR,2007,0.00754
61,FR,2007,0.00771
62,FR,2007,0.00852
63,FR,2007,0.00915
64,FR,2007,0.00959
65,FR,2007,0.01012
66,FR,2007,0.01089
67,FR,2007,0.01151
68,FR,2007,0.0131
69,FR,2007,0.01373
70,FR,2007,0.01509
71,FR,2007,0.01613
72,FR,2007,0.01782
73,FR,2007,0.0195
74,FR,2007,0.02163
75,FR,2007,0.02391
76,FR,2007,0.0266
77,FR,2007,0.02969
78,FR,2007,0.03367
79,FR,2007,0.03753
80,FR,2007,0.04345
81,FR,2007,0.04838
82,FR,2007,0.05391
83,FR,2007,0.06105
84,FR,2007,0.06925
85,FR,2007,0.07825
20,FR,2008,0.00046
21,FR,2008,0.00052
22,FR,2008,0.00055
23,FR,2008,0.00055
24,FR,2008,0.00056
25,FR,2008,0.00057
26,FR,2008,0.00056
27,FR,2008,0.00059
28,FR,2008,0.00059
29,FR,2008,0.00062
30,FR,2008,0.00061
31,FR,2008,0.00063
32,FR,2008,0.0007
33,FR,2008,0.00072
34,FR,2008,0.00082
35,FR,2008,0.00084
36,FR,2008,0.00097
37,FR,2008,0.001
38,FR,2008,0.00113
39,FR,2008,0.00127
40,FR,2008,0.00135
41,FR,2008,0.00153
42,FR,2008,0.00162
43,FR,2008,0.00181
44,FR,2008,0.00207
45,FR,2008,0.00214
46,FR,2008,0.0025
47,FR,2008,0.00273
48,FR,2008,0.00306
49,FR,2008,0.00343
50,FR,2008,0.00369
51,FR,2008,0.00414
52,FR,2008,0.00443
53,FR,2008,0.0047
54,FR,2008,0.00495
55,FR,2008,0.00553
56,FR,2008,0.00588
57,FR,2008,0.00603
58,FR,2008,0.00648
59,FR,2008,0.00673
60,FR,2008,0.0073
61,FR,2008,0.00804
62,FR,2008,0.00837
63,FR,2008,0.00898
64,FR,2008,0.00964
65,FR,2008,0.01024
66,FR,2008,0.0109
67,FR,2008,0.01143
68,FR,2008,0.01236
69,FR,2008,0.01359
70,FR,2008,0.01457
71,FR,2008,0.01622
72,FR,2008,0.01766
73,FR,2008,0.01944
74,FR,2008,0.02148
75,FR,2008,0.02416
76,FR,2008,0.02641
77,FR,2008,0.02965
78,FR,2008,0.03289
79,FR,2008,0.03743
80,FR,2008,0.04236
81,FR,2008,0.04839
82,FR,2008,0.05448
83,FR,2008,0.06123
84,FR,2008,0.06931
85,FR,2008,0.0778
20,FR,2009,0.00046
21,FR,2009,0.00054
22,FR,2009,0.00048
23,FR,2009,0.00054
24,FR,2009,0.00055
25,FR,2009,0.00056
26,FR,2009,0.0006
27,FR,2009,0.00056
28,FR,2009,0.00064
29,FR,2009,0.00056
30,FR,2009,0.00062
31,FR,2009,0.00061
32,FR,2009,0.00071
33,FR,2009,0.00075
34,FR,2009,0.00083
35,FR,2009,0.00092
36,FR,2009,0.00094
37,FR,2009,0.00104
38,FR,2009,0.0011
39,FR,2009,0.00126
40,FR,2009,0.00139
41,FR,2009,0.00151
42,FR,2009,0.0017
43,FR,2009,0.00183
44,FR,2009,0.00204
45,FR,2009,0.00221
46,FR,2009,0.00236
47,FR,2009,0.00274
48,FR,2009,0.00291
49,FR,2009,0.00322
50,FR,2009,0.00362
51,FR,2009,0.00401
52,FR,2009,0.00433
53,FR,2009,0.00468
54,FR,2009,0.00507
55,FR,2009,0.00552
56,FR,2009,0.00588
57,FR,2009,0.00637
58,FR,2009,0.00664
59,FR,2009,0.00697
60,FR,2009,0.00725
61,FR,2009,0.00774
62,FR,2009,0.0082
63,FR,2009,0.00891
64,FR,2009,0.00935
65,FR,2009,0.01021
66,FR,2009,0.0109
67,FR,2009,0.01133
68,FR,2009,0.01254
69,FR,2009,0.01315
70,FR,2009,0.01439
71,FR,2009,0.01535
72,FR,2009,0.01747
73,FR,2009,0.01884
74,FR,2009,0.02066
75,FR,2009,0.02325
76,FR,2009,0.02599
77,FR,2009,0.02845
78,FR,2009,0.03171
79,FR,2009,0.03622
80,FR,2009,0.04115
81,FR,2009,0.04703
82,FR,2009,0.05325
83,FR,2009,0.05975
84,FR,2009,0.06799
85,FR,2009,0.07816
20,FR,2010,0.00045
21,FR,2010,0.00043
22,FR,2010,0.0005
23,FR,2010,0.00053
24,FR,2010,0.00052
25,FR,2010,0.00051
26,FR,2010,0.00053
27,FR,2010,0.00056
28,FR,2010,0.00063
29,FR,2010,0.0006
30,FR,2010,0.00061
31,FR,2010,0.00061
32,FR,2010,0.00067
33,FR,2010,0.00074
34,FR,2010,0.00076
35,FR,2010,0.00081
36,FR,2010,0.00096
37,FR,2010,0.00101
38,FR,2010,0.00111
39,FR,2010,0.00121
40,FR,2010,0.00125
41,FR,2010,0.00152
42,FR,2010,0.00157
43,FR,2010,0.0017
44,FR,2010,0.00195
45,FR,2010,0.00209
46,FR,2010,0.00233
47,FR,2010,0.00262
48,FR,2010,0.00287
49,FR,2010,0.00315
50,FR,2010,0.00349
51,FR,2010,0.00392
52,FR,2010,0.0042
53,FR,2010,0.00472
54,FR,2010,0.00496
55,FR,2010,0.00536
56,FR,2010,0.00584
57,FR,2010,0.00616
58,FR,2010,0.00654
59,FR,2010,0.00686
60,FR,2010,0.00743
61,FR,2010,0.00781
62,FR,2010,0.00818
63,FR,2010,0.00874
64,FR,2010,0.0093
65,FR,2010,0.0102
66,FR,2010,0.0107
67,FR,2010,0.01162
68,FR,2010,0.0122
69,FR,2010,0.01316
70,FR,2010,0.01396
71,FR,2010,0.0154
72,FR,2010,0.01694
73,FR,2010,0.01815
74,FR,2010,0.02015
75,FR,2010,0.02237
76,FR,2010,0.02555
77,FR,2010,0.02766
78,FR,2010,0.03146
79,FR,2010,0.03509
80,FR,2010,0.0411
81,FR,2010,0.04632
82,FR,2010,0.05157
83,FR,2010,0.0585
84,FR,2010,0.06671
85,FR,2010,0.07503
20,FR,2011,0.00047
21,FR,2011,0.00049
22,FR,2011,0.00048
23,FR,2011,0.00048
24,FR,2011,0.0005
25,FR,2011,0.00053
26,FR,2011,0.00054
27,FR,2011,0.00056
28,FR,2011,0.00061
29,FR,2011,0.00054
30,FR,2011,0.00062
31,FR,2011,0.00062
32,FR,2011,0.00064
33,FR,2011,0.00067
34,FR,2011,0.00073
35,FR,2011,0.00082
36,FR,2011,0.00086
37,FR,2011,0.00101
38,FR,2011,0.00107
39,FR,2011,0.00114
40,FR,2011,0.00124
41,FR,2011,0.00137
42,FR,2011,0.00161
43,FR,2011,0.00169
44,FR,2011,0.00185
45,FR,2011,0.00204
46,FR,2011,0.00225
47,FR,2011,0.00245
48,FR,2011,0.00273
49,FR,2011,0.00309
50,FR,2011,0.00332
51,FR,2011,0.00385
52,FR,2011,0.00415
53,FR,2011,0.00442
54,FR,2011,0.00495
55,FR,2011,0.00539
56,FR,2011,0.00564
57,FR,2011,0.00589
58,FR,2011,0.0064
59,FR,2011,0.00688
60,FR,2011,0.00725
61,FR,2011,0.00761
62,FR,2011,0.0081
63,FR,2011,0.00854
64,FR,2011,0.00919
65,FR,2011,0.00985
66,FR,2011,0.01014
67,FR,2011,0.01119
68,FR,2011,0.01186
69,FR,2011,0.01248
70,FR,2011,0.01394
71,FR,2011,0.01476
72,FR,2011,0.01643
73,FR,2011,0.01808
74,FR,2011,0.01926
75,FR,2011,0.02177
76,FR,2011,0.02348
77,FR,2011,0.02685
78,FR,2011,0.03
79,FR,2011,0.03403
80,FR,2011,0.03875
81,FR,2011,0.04393
82,FR,2011,0.04969
83,FR,2011,0.0564
84,FR,2011,0.0631
85,FR,2011,0.07221
20,FR,2012,0.00045
21,FR,2012,0.00045
22,FR,2012,0.00047
23,FR,2012,0.00044
24,FR,2012,0.00046
25,FR,2012,0.0005
26,FR,2012,0.00053
27,FR,2012,0.00051
28,FR,2012,0.00054
29,FR,2012,0.00053
30,FR,2012,0.00057
31,FR,2012,0.00057
32,FR,2012,0.00065
33,FR,2012,0.00066
34,FR,2012,0.00067
35,FR,2012,0.00069
36,FR,2012,0.00076
37,FR,2012,0.00091
38,FR,2012,0.00101
39,FR,2012,0.00112
40,FR,2012,0.00117
41,FR,2012,0.00138
42,FR,2012,0.00149
43,FR,2012,0.00157
44,FR,2012,0.0018
45,FR,2012,0.002
46,FR,2012,0.00221
47,FR,2012,0.00243
48,FR,2012,0.00271
49,FR,2012,0.00294
50,FR,2012,0.0033
51,FR,2012,0.00362
52,FR,2012,0.00392
53,FR,2012,0.0044
54,FR,2012,0.00475
55,FR,2012,0.00524
56,FR,2012,0.00554
57,FR,2012,0.00603
58,FR,2012,0.00643
59,FR,2012,0.00683
60,FR,2012,0.00735
61,FR,2012,0.00781
62,FR,2012,0.00814
63,FR,2012,0.00867
64,FR,2012,0.00915
65,FR,2012,0.00991
66,FR,2012,0.00999
67,FR,2012,0.01144
68,FR,2012,0.01215
69,FR,2012,0.01287
70,FR,2012,0.0139
71,FR,2012,0.01504
72,FR,2012,0.0159
73,FR,2012,0.0183
74,FR,2012,0.01904
75,FR,2012,0.02139
76,FR,2012,0.02422
77,FR,2012,0.02672
78,FR,2012,0.0299
79,FR,2012,0.03475
80,FR,2012,0.0394
81,FR,2012,0.0444
82,FR,2012,0.05053
83,FR,2012,0.05821
84,FR,2012,0.06485
85,FR,2012,0.07478
20,FR,2013,0.00041
21,FR,2013,0.00039
22,FR,2013,0.00045
23,FR,2013,0.00043
24,FR,2013,0.00045
25,FR,2013,0.00048
26,FR,2013,0.00051
27,FR,2013,0.00045
28,FR,2013,0.00053
29,FR,2013,0.00051
30,FR,2013,0.00057
31,FR,2013,0.00057
32,FR,2013,0.0006
33,FR,2013,0.00064
34,FR,2013,0.00072
35,FR,2013,0.00072
36,FR,2013,0.00086
37,FR,2013,0.00092
38,FR,2013,0.00097
39,FR,2013,0.00101
40,FR,2013,0.00122
41,FR,2013,0.0013
42,FR,2013,0.00146
43,FR,2013,0.00157
44,FR,2013,0.00171
45,FR,2013,0.00188
46,FR,2013,0.00221
47,FR,2013,0.00237
48,FR,2013,0.00262
49,FR,2013,0.00286
50,FR,2013,0.00319
51,FR,2013,0.00349
52,FR,2013,0.00372
53,FR,2013,0.00407
54,FR,2013,0.00465
55,FR,2013,0.00495
56,FR,2013,0.00534
57,FR,2013,0.00592
58,FR,2013,0.00626
59,FR,2013,0.0068
60,FR,2013,0.00719
61,FR,2013,0.00782
62,FR,2013,0.00813
63,FR,2013,0.00858
64,FR,2013,0.00904
65,FR,2013,0.00985
66,FR,2013,0.01031
67,FR,2013,0.01085
68,FR,2013,0.01193
69,FR,2013,0.01303
70,FR,2013,0.01389
71,FR,2013,0.01471
72,FR,2013,0.01651
73,FR,2013,0.01773
74,FR,2013,0.01933
75,FR,2013,0.02131
76,FR,2013,0.02343
77,FR,2013,0.02579
78,FR,2013,0.02855
79,FR,2013,0.03274
80,FR,2013,0.03855
81,FR,2013,0.04335
82,FR,2013,0.04904
83,FR,2013,0.0553
84,FR,2013,0.06259
85,FR,2013,0.07233
20,FR,2014,0.00039
21,FR,2014,0.00035
22,FR,2014,0.0004
23,FR,2014,0.0004
24,FR,2014,0.00042
25,FR,2014,0.00047
26,FR,2014,0.00048
27,FR,2014,0.00048
28,FR,2014,0.00052
29,FR,2014,0.00056
30,FR,2014,0.00059
31,FR,2014,0.00052
32,FR,2014,0.00065
33,FR,2014,0.00062
34,FR,2014,0.00067
35,FR,2014,0.00068
36,FR,2014,0.00076
37,FR,2014,0.00089
38,FR,2014,0.00095
39,FR,2014,0.00112
40,FR,2014,0.0011
41,FR,2014,0.00121
42,FR,2014,0.00131
43,FR,2014,0.00148
44,FR,2014,0.0017
45,FR,2014,0.00188
46,FR,2014,0.00209
47,FR,2014,0.00226
48,FR,2014,0.00254
49,FR,2014,0.00272
50,FR,2014,0.00296
51,FR,2014,0.00322
52,FR,2014,0.00374
53,FR,2014,0.00385
54,FR,2014,0.00447
55,FR,2014,0.0048
56,FR,2014,0.00519
57,FR,2014,0.00556
58,FR,2014,0.006
59,FR,2014,0.00651
60,FR,2014,0.00693
61,FR,2014,0.00756
62,FR,2014,0.00806
63,FR,2014,0.00848
64,FR,2014,0.009
65,FR,2014,0.00937
66,FR,2014,0.01007
67,FR,2014,0.01055
68,FR,2014,0.01179
69,FR,2014,0.01252
70,FR,2014,0.01343
71,FR,2014,0.01424
72,FR,2014,0.01562
73,FR,2014,0.01707
74,FR,2014,0.0183
75,FR,2014,0.0205
76,FR,2014,0.02255
77,FR,2014,0.02483
78,FR,2014,0.02744
79,FR,2014,0.03096
80,FR,2014,0.03579
81,FR,2014,0.04158
82,FR,2014,0.04677
83,FR,2014,0.05284
84,FR,2014,0.06062
85,FR,2014,0.06887
20,FR,2015,0.00038
21,FR,2015,0.00044
22,FR,2015,0.00035
23,FR,2015,0.00041
24,FR,2015,0.00044
25,FR,2015,0.00044
26,FR,2015,0.00046
27,FR,2015,0.00047
28,FR,2015,0.00049
29,FR,2015,0.00056
30,FR,2015,0.00053
31,FR,2015,0.00065
32,FR,2015,0.00057
33,FR,2015,0.00062
34,FR,2015,0.0007
35,FR,2015,0.00072
36,FR,2015,0.00083
37,FR,2015,0.00087
38,FR,2015,0.00093
39,FR,2015,0.00101
40,FR,2015,0.00112
41,FR,2015,0.00127
42,FR,2015,0.00129
43,FR,2015,0.0016
44,FR,2015,0.00169
45,FR,2015,0.00194
46,FR,2015,0.00207
47,FR,2015,0.00236
48,FR,2015,0.00251
49,FR,2015,0.00267
50,FR,2015,0.00301
51,FR,2015,0.00328
52,FR,2015,0.00352
53,FR,2015,0.00387
54,FR,2015,0.00441
55,FR,2015,0.00483
56,FR,2015,0.00525
57,FR,2015,0.00574
58,FR,2015,0.00609
59,FR,2015,0.0066
60,FR,2015,0.00713
61,FR,2015,0.00752
62,FR,2015,0.00801
63,FR,2015,0.00864
64,FR,2015,0.00908
65,FR,2015,0.00974
66,FR,2015,0.01023
67,FR,2015,0.01071
68,FR,2015,0.01172
69,FR,2015,0.01244
70,FR,2015,0.01378
71,FR,2015,0.01484
72,FR,2015,0.016
73,FR,2015,0.01729
74,FR,2015,0.01914
75,FR,2015,0.02079
76,FR,2015,0.02336
77,FR,2015,0.02541
78,FR,2015,0.02838
79,FR,2015,0.03206
80,FR,2015,0.03649
81,FR,2015,0.04244
82,FR,2015,0.04828
83,FR,2015,0.05504
84,FR,2015,0.06262
85,FR,2015,0.07115
20,FR,2016,0.00036
21,FR,2016,0.00037
22,FR,2016,0.0004
23,FR,2016,0.00044
24,FR,2016,0.0004
25,FR,2016,0.00043
26,FR,2016,0.00049
27,FR,2016,0.00049
28,FR,2016,0.00049
29,FR,2016,0.00051
30,FR,2016,0.0005
31,FR,2016,0.00057
32,FR,2016,0.00059
33,FR,2016,0.00064
34,FR,2016,0.00068
35,FR,2016,0.0007
36,FR,2016,0.00074
37,FR,2016,0.00087
38,FR,2016,0.0009
39,FR,2016,0.00101
40,FR,2016,0.00104
41,FR,2016,0.00114
42,FR,2016,0.00132
43,FR,2016,0.0015
44,FR,2016,0.0016
45,FR,2016,0.0018
46,FR,2016,0.00194
47,FR,2016,0.00227
48,FR,2016,0.00242
49,FR,2016,0.00273
50,FR,2016,0.00294
51,FR,2016,0.00309
52,FR,2016,0.00332
53,FR,2016,0.00375
54,FR,2016,0.00417
55,FR,2016,0.00456
56,FR,2016,0.00516
57,FR,2016,0.00566
58,FR,2016,0.00602
59,FR,2016,0.00652
60,FR,2016,0.00716
61,FR,2016,0.00761
62,FR,2016,0.00819
63,FR,2016,0.00872
64,FR,2016,0.00912
65,FR,2016,0.00977
66,FR,2016,0.01028
67,FR,2016,0.01075
68,FR,2016,0.01139
69,FR,2016,0.01255
70,FR,2016,0.0136
71,FR,2016,0.01458
72,FR,2016,0.01588
73,FR,2016,0.0172
74,FR,2016,0.01854
75,FR,2016,0.0205
76,FR,2016,0.02204
77,FR,2016,0.02498
78,FR,2016,0.02818
79,FR,2016,0.03132
80,FR,2016,0.03509
81,FR,2016,0.0402
82,FR,2016,0.04585
83,FR,2016,0.05356
84,FR,2016,0.06122
85,FR,2016,0.06968
20,FR,2017,0.00039
21,FR,2017,0.00042
22,FR,2017,0.00041
23,FR,2017,0.00041
24,FR,2017,0.00039
25,FR,2017,0.00044
26,FR,2017,0.00044
27,FR,2017,0.00044
28,FR,2017,0.00049
29,FR,2017,0.00051
30,FR,2017,0.00049
31,FR,2017,0.00056
32,FR,2017,0.0006
33,FR,2017,0.00061
34,FR,2017,0.00065
35,FR,2017,0.00074
36,FR,2017,0.00077
37,FR,2017,0.00084
38,FR,2017,0.00088
39,FR,2017,0.00095
40,FR,2017,0.00106
41,FR,2017,0.00114
42,FR,2017,0.00132
43,FR,2017,0.00148
44,FR,2017,0.0015
45,FR,2017,0.00174
46,FR,2017,0.00195
47,FR,2017,0.00213
48,FR,2017,0.00237
49,FR,2017,0.0026
50,FR,2017,0.00287
51,FR,2017,0.00317
52,FR,2017,0.00344
53,FR,2017,0.00383
54,FR,2017,0.00404
55,FR,2017,0.00444
56,FR,2017,0.00499
57,FR,2017,0.0054
58,FR,2017,0.0059
59,FR,2017,0.00644
60,FR,2017,0.00697
61,FR,2017,0.00769
62,FR,2017,0.00826
63,FR,2017,0.00861
64,FR,2017,0.00902
65,FR,2017,0.00975
66,FR,2017,0.01039
67,FR,2017,0.01096
68,FR,2017,0.0115
69,FR,2017,0.01255
70,FR,2017,0.01356
71,FR,2017,0.01439
72,FR,2017,0.01575
73,FR,2017,0.01699
74,FR,2017,0.01846
75,FR,2017,0.02025
76,FR,2017,0.02264
77,FR,2017,0.02475
78,FR,2017,0.02805
79,FR,2017,0.03072
80,FR,2017,0.03443
81,FR,2017,0.03957
82,FR,2017,0.04523
83,FR,2017,0.05191
84,FR,2017,0.0611
85,FR,2017,0.06867
20,FR,2018,0.00035
21,FR,2018,0.00043
22,FR,2018,0.00038
23,FR,2018,0.0004
24,FR,2018,0.00043
25,FR,2018,0.00046
26,FR,2018,0.00043
27,FR,2018,0.00041
28,FR,2018,0.00044
29,FR,2018,0.00056
30,FR,2018,0.00051
31,FR,2018,0.00052
32,FR,2018,0.00057
33,FR,2018,0.00062
34,FR,2018,0.00069
35,FR,2018,0.00072
36,FR,2018,0.0008
37,FR,2018,0.00088
38,FR,2018,0.00089
39,FR,2018,0.00102
40,FR,2018,0.00108
41,FR,2018,0.00118
42,FR,2018,0.00127
43,FR,2018,0.00144
44,FR,2018,0.00163
45,FR,2018,0.00179
46,FR,2018,0.00191
47,FR,2018,0.00208
48,FR,2018,0.0023
49,FR,2018,0.00264
50,FR,2018,0.00282
51,FR,2018,0.00314
52,FR,2018,0.00334
53,FR,2018,0.00371
54,FR,2018,0.00405
55,FR,2018,0.00439
56,FR,2018,0.00497
57,FR,2018,0.00534
58,FR,2018,0.00572
59,FR,2018,0.00628
60,FR,2018,0.00675
61,FR,2018,0.00735
62,FR,2018,0.00805
63,FR,2018,0.0086
64,FR,2018,0.00912
65,FR,2018,0.00956
66,FR,2018,0.01032
67,FR,2018,0.01085
68,FR,2018,0.01193
69,FR,2018,0.01242
70,FR,2018,0.01315
71,FR,2018,0.01445
72,FR,2018,0.01553
73,FR,2018,0.01701
74,FR,2018,0.01868
75,FR,2018,0.0202
76,FR,2018,0.02198
77,FR,2018,0.02476
78,FR,2018,0.02716
79,FR,2018,0.0309
80,FR,2018,0.034
81,FR,2018,0.03911
82,FR,2018,0.04324
83,FR,2018,0.05033
84,FR,2018,0.05802
85,FR,2018,0.06842
20,FR,2019,0.00035
21,FR,2019,0.00036
22,FR,2019,0.00038
23,FR,2019,0.00039
24,FR,2019,0.00039
25,FR,2019,0.00039
26,FR,2019,0.00051
27,FR,2019,0.00045
28,FR,2019,0.00051
29,FR,2019,0.00049
30,FR,2019,0.00055
31,FR,2019,0.00055
32,FR,2019,0.0006
33,FR,2019,0.00063
34,FR,2019,0.00066
35,FR,2019,0.00075
36,FR,2019,0.00078
37,FR,2019,0.00087
38,FR,2019,0.00094
39,FR,2019,0.00099
40,FR,2019,0.00103
41,FR,2019,0.00114
42,FR,2019,0.0012
43,FR,2019,0.00137
44,FR,2019,0.00151
45,FR,2019,0.00166
46,FR,2019,0.00183
47,FR,2019,0.0021
48,FR,2019,0.00228
49,FR,2019,0.00252
50,FR,2019,0.00281
51,FR,2019,0.00304
52,FR,2019,0.00344
53,FR,2019,0.00367
54,FR,2019,0.00385
55,FR,2019,0.00432
56,FR,2019,0.00462
57,FR,2019,0.00494
58,FR,2019,0.00557
59,FR,2019,0.00616
60,FR,2019,0.00664
61,FR,2019,0.0073
62,FR,2019,0.00769
63,FR,2019,0.00844
64,FR,2019,0.00888
65,FR,2019,0.00965
66,FR,2019,0.01021
67,FR,2019,0.01091
68,FR,2019,0.01149
69,FR,2019,0.01245
70,FR,2019,0.01328
71,FR,2019,0.01444
72,FR,2019,0.0154
73,FR,2019,0.0165
74,FR,2019,0.01843
75,FR,2019,0.02013
76,FR,2019,0.02182
77,FR,2019,0.02438
78,FR,2019,0.027
79,FR,2019,0.02979
80,FR,2019,0.03429
81,FR,2019,0.03833
82,FR,2019,0.0427
83,FR,2019,0.04909
84,FR,2019,0.05689
85,FR,2019,0.06549
20,FR,2022,0.00039
21,FR,2022,0.00043
22,FR,2022,0.00041
23,FR,2022,0.00043
24,FR,2022,0.00046
25,FR,2022,0.00045
26,FR,2022,0.00042
27,FR,2022,0.00047
28,FR,2022,0.0005
29,FR,2022,0.0005
30,FR,2022,0.00053
31,FR,2022,0.00055
32,FR,2022,0.0006
33,FR,2022,0.00066
34,FR,2022,0.00069
35,FR,2022,0.00071
36,FR,2022,0.00079
37,FR,2022,0.00085
38,FR,2022,0.00101
39,FR,2022,0.0011
40,FR,2022,0.00109
41,FR,2022,0.0012
42,FR,2022,0.00134
43,FR,2022,0.00145
44,FR,2022,0.00149
45,FR,2022,0.00167
46,FR,2022,0.00186
47,FR,2022,0.00204
48,FR,2022,0.00225
49,FR,2022,0.00236
50,FR,2022,0.00275
51,FR,2022,0.00295
52,FR,2022,0.00332
53,FR,2022,0.00366
54,FR,2022,0.00397
55,FR,2022,0.00423
56,FR,2022,0.00463
57,FR,2022,0.00513
58,FR,2022,0.00551
59,FR,2022,0.00584
60,FR,2022,0.00667
61,FR,2022,0.00715
62,FR,2022,0.00797
63,FR,2022,0.00855
64,FR,2022,0.00929
65,FR,2022,0.00991
66,FR,2022,0.01112
67,FR,2022,0.01159
68,FR,2022,0.01222
69,FR,2022,0.01329
70,FR,2022,0.01426
71,FR,2022,0.01546
72,FR,2022,0.01642
73,FR,2022,0.01795
74,FR,2022,0.01958
75,FR,2022,0.02108
76,FR,2022,0.0236
77,FR,2022,0.02644
78,FR,2022,0.02881
79,FR,2022,0.03193
80,FR,2022,0.03588
81,FR,2022,0.04071
82,FR,2022,0.04534
83,FR,2022,0.0515
84,FR,2022,0.05911
85,FR,2022,0.06705
20,FR,2023,0.0004
21,FR,2023,0.00038
22,FR,2023,0.00042
23,FR,2023,0.00039
24,FR,2023,0.00043
25,FR,2023,0.00042
26,FR,2023,0.00042
27,FR,2023,0.00045
28,FR,2023,0.00048
29,FR,2023,0.00046
30,FR,2023,0.0005
31,FR,2023,0.00057
32,FR,2023,0.00057
33,FR,2023,0.00063
34,FR,2023,0.00065
35,FR,2023,0.0007
36,FR,2023,0.00076
37,FR,2023,0.00089
38,FR,2023,0.00096
39,FR,2023,0.00104
40,FR,2023,0.00113
41,FR,2023,0.00121
42,FR,2023,0.00124
43,FR,2023,0.00131
44,FR,2023,0.00147
45,FR,2023,0.00165
46,FR,2023,0.0017
47,FR,2023,0.0019
48,FR,2023,0.00213
49,FR,2023,0.00237
50,FR,2023,0.00265
51,FR,2023,0.00277
52,FR,2023,0.00319
53,FR,2023,0.00351
54,FR,2023,0.00371
55,FR,2023,0.00425
56,FR,2023,0.00447
57,FR,2023,0.00477
58,FR,2023,0.00522
59,FR,2023,0.00565
60,FR,2023,0.0061
61,FR,2023,0.00685
62,FR,2023,0.00759
63,FR,2023,0.00809
64,FR,2023,0.00866
65,FR,2023,0.00952
66,FR,2023,0.01009
67,FR,2023,0.01111
68,FR,2023,0.0119
69,FR,2023,0.01285
70,FR,2023,0.01384
71,FR,2023,0.01456
72,FR,2023,0.0159
73,FR,2023,0.01686
74,FR,2023,0.01808
75,FR,2023,0.02009
76,FR,2023,0.02241
77,FR,2023,0.02417
78,FR,2023,0.02745
79,FR,2023,0.03055
80,FR,2023,0.03318
81,FR,2023,0.03727
82,FR,2023,0.04287
83,FR,2023,0.04845
84,FR,2023,0.05566
85,FR,2023,0.0631
20,FR,2024,0.0003096107544641
21,FR,2024,0.0003332390050787
22,FR,2024,0.0003342767969496
23,FR,2024,0.0003453339860151
24,FR,2024,0.0003645380445299
25,FR,2024,0.0003779721830874
26,FR,2024,0.0003962680493123
27,FR,2024,0.0003929785584677
28,FR,2024,0.0004379062674588
29,FR,2024,0.0004480029566329
30,FR,2024,0.0004596947749809
31,FR,2024,0.0004876148592275
32,FR,2024,0.0005186311448338
33,FR,2024,0.0005490048381337
34,FR,2024,0.0005904011530444
35,FR,2024,0.0006125116288738
36,FR,2024,0.000672181070411
37,FR,2024,0.0007656303756851
38,FR,2024,0.0008166528641166
39,FR,2024,0.0008947272248574
40,FR,2024,0.0009353052575206
41,FR,2024,0.0010253935324666
42,FR,2024,0.0011033826435159
43,FR,2024,0.0012260886529962
44,FR,2024,0.0013252587746341
45,FR,2024,0.001483811530819
46,FR,2024,0.0016115997597691
47,FR,2024,0.0018120121109775
48,FR,2024,0.0020066984423385
49,FR,2024,0.0022324898326444
50,FR,2024,0.0025046279633661
51,FR,2024,0.0027395578667792
52,FR,2024,0.0030689240517557
53,FR,2024,0.0033934633279338
54,FR,2024,0.003745835487121
55,FR,2024,0.0041240475750413
56,FR,2024,0.0045288104971557
57,FR,2024,0.0049250508140324
58,FR,2024,0.0054081947946721
59,FR,2024,0.0058231011995307
60,FR,2024,0.006381501206371
61,FR,2024,0.0070120044536873
62,FR,2024,0.0074975192167923
63,FR,2024,0.0080443628536554
64,FR,2024,0.0084513787154371
65,FR,2024,0.009072463080038
66,FR,2024,0.0095938389657237
67,FR,2024,0.0101654647318267
68,FR,2024,0.0108020546956973
69,FR,2024,0.0115360598075738
70,FR,2024,0.0123897080840959
71,FR,2024,0.0131526871783996
72,FR,2024,0.0141520620445036
73,FR,2024,0.01534929807577
74,FR,2024,0.0165257488776953
75,FR,2024,0.0182085084650928
76,FR,2024,0.0200261886500752
77,FR,2024,0.0221707681144202
78,FR,2024,0.024703943345298
79,FR,2024,0.0277294356700307
80,FR,2024,0.0309584361112154
81,FR,2024,0.0353423127413997
82,FR,2024,0.04000435228444
83,FR,2024,0.0458948159037512
84,FR,2024,0.0529638710851443
85,FR,2024,0.0609300300555724
20,FR,2025,0.0002999056601169
21,FR,2025,0.0003240445390447
22,FR,2025,0.0003248580436222
23,FR,2025,0.0003356986808624
24,FR,2025,0.0003556892810626
25,FR,2025,0.0003689439713546
26,FR,2025,0.0003869568530214
27,FR,2025,0.0003835484769689
28,FR,2025,0.0004291558674613
29,FR,2025,0.0004392295125551
30,FR,2025,0.0004501254154235
31,FR,2025,0.0004779326650311
32,FR,2025,0.0005081312895418
33,FR,2025,0.0005377047659229
34,FR,2025,0.0005784097158685
35,FR,2025,0.0005983818931464
36,FR,2025,0.0006565639085389
37,FR,2025,0.0007500609075621
38,FR,2025,0.0007987881894884
39,FR,2025,0.0008753001800963
40,FR,2025,0.0009127494550391
41,FR,2025,0.0009998549447783
42,FR,2025,0.0010742720046467
43,FR,2025,0.0011943180776278
44,FR,2025,0.0012889506961817
45,FR,2025,0.0014441861178582
46,FR,2025,0.0015667771587674
47,FR,2025,0.0017640766696247
48,FR,2025,0.001955141888594
49,FR,2025,0.0021779482210582
50,FR,2025,0.0024472399677472
51,FR,2025,0.0026781021440481
52,FR,2025,0.0030081308212654
53,FR,2025,0.0033305150527512
54,FR,2025,0.0036829737845019
55,FR,2025,0.0040585309702447
56,FR,2025,0.0044635638490971
57,FR,2025,0.0048579035556329
58,FR,2025,0.0053471429456431
59,FR,2025,0.0057565357412773
60,FR,2025,0.0063182214989615
61,FR,2025,0.0069576618481299
62,FR,2025,0.0074345725777801
63,FR,2025,0.0079812014475404
64,FR,2025,0.0083757164023463
65,FR,2025,0.0089896840446355
66,FR,2025,0.0095004892990145
67,FR,2025,0.0100587781218955
68,FR,2025,0.0106725877598176
69,FR,2025,0.0113898093769743
70,FR,2025,0.0122258777878706
71,FR,2025,0.0129565881883699
72,FR,2025,0.01392338632706
73,FR,2025,0.0150981346288249
74,FR,2025,0.0162324138307061
75,FR,2025,0.017886183197826
76,FR,2025,0.0196559847456833
77,FR,2025,0.0217613819615224
78,FR,2025,0.0242447735085204
79,FR,2025,0.027215534114296
80,FR,2025,0.030335788896554
81,FR,2025,0.034651299115367
82,FR,2025,0.039234814124097
83,FR,2025,0.0450429735376213
84,FR,2025,0.0520369904055504
85,FR,2025,0.0599189998761322
20,IT,2004,0.00047
21,IT,2004,0.00052
22,IT,2004,0.00044
23,IT,2004,0.00051
24,IT,2004,0.00046
25,IT,2004,0.00048
26,IT,2004,0.00049
27,IT,2004,0.0005
28,IT,2004,0.00051
29,IT,2004,0.0005
30,IT,2004,0.00053
31,IT,2004,0.00058
32,IT,2004,0.00055
33,IT,2004,0.00057
34,IT,2004,0.0006
35,IT,2004,0.00064
36,IT,2004,0.00072
37,IT,2004,0.00075
38,IT,2004,0.00079
39,IT,2004,0.00093
40,IT,2004,0.00103
41,IT,2004,0.00117
42,IT,2004,0.00116
43,IT,2004,0.00133
44,IT,2004,0.00141
45,IT,2004,0.00155
46,IT,2004,0.00177
47,IT,2004,0.00181
48,IT,2004,0.00209
49,IT,2004,0.00223
50,IT,2004,0.00252
51,IT,2004,0.00273
52,IT,2004,0.00307
53,IT,2004,0.00325
54,IT,2004,0.00362
55,IT,2004,0.00399
56,IT,2004,0.00423
57,IT,2004,0.00487
58,IT,2004,0.00525
59,IT,2004,0.00593
60,IT,2004,0.0065
61,IT,2004,0.00714
62,IT,2004,0.00789
63,IT,2004,0.00822
64,IT,2004,0.00895
65,IT,2004,0.01006
66,IT,2004,0.011
67,IT,2004,0.01232
68,IT,2004,0.01366
69,IT,2004,0.01534
70,IT,2004,0.01686
71,IT,2004,0.01831
72,IT,2004,0.02052
73,IT,2004,0.02264
74,IT,2004,0.02572
75,IT,2004,0.02857
76,IT,2004,0.03199
77,IT,2004,0.03542
78,IT,2004,0.03984
79,IT,2004,0.04476
80,IT,2004,0.04999
81,IT,2004,0.0558
82,IT,2004,0.06307
83,IT,2004,0.06976
84,IT,2004,0.08003
85,IT,2004,0.08893
20,IT,2005,0.00045
21,IT,2005,0.00042
22,IT,2005,0.00049
23,IT,2005,0.00046
24,IT,2005,0.00052
25,IT,2005,0.00049
26,IT,2005,0.00045
27,IT,2005,0.00057
28,IT,2005,0.0005
29,IT,2005,0.0005
30,IT,2005,0.00049
31,IT,2005,0.0005
32,IT,2005,0.00054
33,IT,2005,0.00058
34,IT,2005,0.00058
35,IT,2005,0.00062
36,IT,2005,0.00071
37,IT,2005,0.00071
38,IT,2005,0.00082
39,IT,2005,0.00083
40,IT,2005,0.00097
41,IT,2005,0.00108
42,IT,2005,0.00122
43,IT,2005,0.00123
44,IT,2005,0.0014
45,IT,2005,0.00151
46,IT,2005,0.00165
47,IT,2005,0.0018
48,IT,2005,0.00204
49,IT,2005,0.00221
50,IT,2005,0.00236
51,IT,2005,0.00268
52,IT,2005,0.00299
53,IT,2005,0.00319
54,IT,2005,0.00352
55,IT,2005,0.00392
56,IT,2005,0.00423
57,IT,2005,0.00469
58,IT,2005,0.00533
59,IT,2005,0.00564
60,IT,2005,0.00643
61,IT,2005,0.0072
62,IT,2005,0.00758
63,IT,2005,0.00819
64,IT,2005,0.00883
65,IT,2005,0.00998
66,IT,2005,0.01079
67,IT,2005,0.01201
68,IT,2005,0.01311
69,IT,2005,0.01499
70,IT,2005,0.01634
71,IT,2005,0.01842
72,IT,2005,0.02045
73,IT,2005,0.02248
74,IT,2005,0.02526
75,IT,2005,0.02824
76,IT,2005,0.03166
77,IT,2005,0.03598
78,IT,2005,0.04038
79,IT,2005,0.04439
80,IT,2005,0.05086
81,IT,2005,0.05733
82,IT,2005,0.0639
83,IT,2005,0.07267
84,IT,2005,0.08138
85,IT,2005,0.0925
20,IT,2006,0.00038
21,IT,2006,0.00044
22,IT,2006,0.00047
23,IT,2006,0.00044
24,IT,2006,0.00046
25,IT,2006,0.00047
26,IT,2006,0.00041
27,IT,2006,0.00047
28,IT,2006,0.00049
29,IT,2006,0.00049
30,IT,2006,0.00048
31,IT,2006,0.0005
32,IT,2006,0.00057
33,IT,2006,0.00055
34,IT,2006,0.00058
35,IT,2006,0.00062
36,IT,2006,0.00066
37,IT,2006,0.00076
38,IT,2006,0.00072
39,IT,2006,0.00085
40,IT,2006,0.00094
41,IT,2006,0.00103
42,IT,2006,0.00112
43,IT,2006,0.00127
44,IT,2006,0.0014
45,IT,2006,0.00154
46,IT,2006,0.00166
47,IT,2006,0.00181
48,IT,2006,0.0019
49,IT,2006,0.00215
50,IT,2006,0.0023
51,IT,2006,0.00262
52,IT,2006,0.00293
53,IT,2006,0.00311
54,IT,2006,0.00348
55,IT,2006,0.00383
56,IT,2006,0.00418
57,IT,2006,0.0045
58,IT,2006,0.0052
59,IT,2006,0.00559
60,IT,2006,0.00629
61,IT,2006,0.00677
62,IT,2006,0.00743
63,IT,2006,0.00804
64,IT,2006,0.00868
65,IT,2006,0.0095
66,IT,2006,0.0105
67,IT,2006,0.01148
68,IT,2006,0.0127
69,IT,2006,0.01381
70,IT,2006,0.01543
71,IT,2006,0.0171
72,IT,2006,0.01983
73,IT,2006,0.02152
74,IT,2006,0.02371
75,IT,2006,0.02689
76,IT,2006,0.03043
77,IT,2006,0.03387
78,IT,2006,0.03822
79,IT,2006,0.043
80,IT,2006,0.04852
81,IT,2006,0.05494
82,IT,2006,0.0621
83,IT,2006,0.07056
84,IT,2006,0.07774
85,IT,2006,0.088
20,IT,2007,0.00043
21,IT,2007,0.0004
22,IT,2007,0.00047
23,IT,2007,0.00042
24,IT,2007,0.00042
25,IT,2007,0.00046
26,IT,2007,0.00047
27,IT,2007,0.00045
28,IT,2007,0.00045
29,IT,2007,0.00048
30,IT,2007,0.00048
31,IT,2007,0.00045
32,IT,2007,0.00049
33,IT,2007,0.00052
34,IT,2007,0.00052
35,IT,2007,0.00062
36,IT,2007,0.00064
37,IT,2007,0.00072
38,IT,2007,0.00075
39,IT,2007,0.00085
40,IT,2007,0.00088
41,IT,2007,0.00101
42,IT,2007,0.00112
43,IT,2007,0.00127
44,IT,2007,0.00132
45,IT,2007,0.00151
46,IT,2007,0.00164
47,IT,2007,0.00179
48,IT,2007,0.00187
49,IT,2007,0.00218
50,IT,2007,0.00231
51,IT,2007,0.00258
52,IT,2007,0.00282
53,IT,2007,0.00311
54,IT,2007,0.00339
55,IT,2007,0.00361
56,IT,2007,0.00401
57,IT,2007,0.00457
58,IT,2007,0.00481
59,IT,2007,0.00535
60,IT,2007,0.00619
61,IT,2007,0.00674
62,IT,2007,0.00703
63,IT,2007,0.00813
64,IT,2007,0.00858
65,IT,2007,0.00965
66,IT,2007,0.01017
67,IT,2007,0.01131
68,IT,2007,0.01242
69,IT,2007,0.01355
70,IT,2007,0.01507
71,IT,2007,0.01713
72,IT,2007,0.01882
73,IT,2007,0.0212
74,IT,2007,0.02358
75,IT,2007,0.02654
76,IT,2007,0.02991
77,IT,2007,0.03344
78,IT,2007,0.03736
79,IT,2007,0.04302
80,IT,2007,0.049
81,IT,2007,0.05418
82,IT,2007,0.0623
83,IT,2007,0.07065
84,IT,2007,0.07809
85,IT,2007,0.0896
20,IT,2008,0.0004
21,IT,2008,0.00038
22,IT,2008,0.00045
23,IT,2008,0.00033
24,IT,2008,0.0004
25,IT,2008,0.00042
26,IT,2008,0.00036
27,IT,2008,0.00042
28,IT,2008,0.00044
29,IT,2008,0.00046
30,IT,2008,0.00052
31,IT,2008,0.00045
32,IT,2008,0.00046
33,IT,2008,0.00053
34,IT,2008,0.00056
35,IT,2008,0.00055
36,IT,2008,0.00062
37,IT,2008,0.00066
38,IT,2008,0.00074
39,IT,2008,0.00079
40,IT,2008,0.00085
41,IT,2008,0.00097
42,IT,2008,0.00102
43,IT,2008,0.00116
44,IT,2008,0.00133
45,IT,2008,0.00143
46,IT,2008,0.00162
47,IT,2008,0.00178
48,IT,2008,0.00186
49,IT,2008,0.00212
50,IT,2008,0.00227
51,IT,2008,0.0025
52,IT,2008,0.00272
53,IT,2008,0.00312
54,IT,2008,0.00331
55,IT,2008,0.00371
56,IT,2008,0.00404
57,IT,2008,0.00453
58,IT,2008,0.0049
59,IT,2008,0.00519
60,IT,2008,0.00593
61,IT,2008,0.00656
62,IT,2008,0.00705
63,IT,2008,0.00777
64,IT,2008,0.00861
65,IT,2008,0.00936
66,IT,2008,0.01017
67,IT,2008,0.01098
68,IT,2008,0.012
69,IT,2008,0.01321
70,IT,2008,0.01492
71,IT,2008,0.01649
72,IT,2008,0.01799
73,IT,2008,0.02062
74,IT,2008,0.0233
75,IT,2008,0.02583
76,IT,2008,0.0292
77,IT,2008,0.03257
78,IT,2008,0.03679
79,IT,2008,0.04214
80,IT,2008,0.04873
81,IT,2008,0.0538
82,IT,2008,0.06179
83,IT,2008,0.07038
84,IT,2008,0.07836
85,IT,2008,0.08794
20,IT,2009,0.00043
21,IT,2009,0.00037
22,IT,2009,0.00046
23,IT,2009,0.00039
24,IT,2009,0.00039
25,IT,2009,0.00041
26,IT,2009,0.00041
27,IT,2009,0.00041
28,IT,2009,0.00038
29,IT,2009,0.00043
30,IT,2009,0.00043
31,IT,2009,0.00048
32,IT,2009,0.00045
33,IT,2009,0.00046
34,IT,2009,0.00051
35,IT,2009,0.00059
36,IT,2009,0.00057
37,IT,2009,0.00063
38,IT,2009,0.00068
39,IT,2009,0.00073
40,IT,2009,0.00084
41,IT,2009,0.00097
42,IT,2009,0.00102
43,IT,2009,0.00116
44,IT,2009,0.00123
45,IT,2009,0.00146
46,IT,2009,0.00152
47,IT,2009,0.00166
48,IT,2009,0.00186
49,IT,2009,0.00217
50,IT,2009,0.00234
51,IT,2009,0.00254
52,IT,2009,0.00278
53,IT,2009,0.00298
54,IT,2009,0.00338
55,IT,2009,0.00357
56,IT,2009,0.00401
57,IT,2009,0.00444
58,IT,2009,0.00462
59,IT,2009,0.00532
60,IT,2009,0.00565
61,IT,2009,0.00641
62,IT,2009,0.0069
63,IT,2009,0.0078
64,IT,2009,0.00879
65,IT,2009,0.00926
66,IT,2009,0.01008
67,IT,2009,0.01098
68,IT,2009,0.01199
69,IT,2009,0.01322
70,IT,2009,0.01435
71,IT,2009,0.01639
72,IT,2009,0.01807
73,IT,2009,0.02038
74,IT,2009,0.02281
75,IT,2009,0.02552
76,IT,2009,0.02826
77,IT,2009,0.03268
78,IT,2009,0.03637
79,IT,2009,0.04107
80,IT,2009,0.04649
81,IT,2009,0.05352
82,IT,2009,0.0607
83,IT,2009,0.06867
84,IT,2009,0.07787
85,IT,2009,0.08852
20,IT,2010,0.00033
21,IT,2010,0.00035
22,IT,2010,0.00033
23,IT,2010,0.00031
24,IT,2010,0.00038
25,IT,2010,0.00034
26,IT,2010,0.00036
27,IT,2010,0.00037
28,IT,2010,0.00035
29,IT,2010,0.00041
30,IT,2010,0.00039
31,IT,2010,0.00044
32,IT,2010,0.00044
33,IT,2010,0.0005
34,IT,2010,0.00052
35,IT,2010,0.00054
36,IT,2010,0.00057
37,IT,2010,0.00063
38,IT,2010,0.00067
39,IT,2010,0.00071
40,IT,2010,0.00083
41,IT,2010,0.00086
42,IT,2010,0.00096
43,IT,2010,0.00116
44,IT,2010,0.00119
45,IT,2010,0.00134
46,IT,2010,0.00148
47,IT,2010,0.00164
48,IT,2010,0.00178
49,IT,2010,0.00205
50,IT,2010,0.00217
51,IT,2010,0.00236
52,IT,2010,0.00271
53,IT,2010,0.00291
54,IT,2010,0.00331
55,IT,2010,0.00347
56,IT,2010,0.004
57,IT,2010,0.00414
58,IT,2010,0.00458
59,IT,2010,0.00501
60,IT,2010,0.00562
61,IT,2010,0.00601
62,IT,2010,0.00665
63,IT,2010,0.00741
64,IT,2010,0.00821
65,IT,2010,0.00887
66,IT,2010,0.0101
67,IT,2010,0.01069
68,IT,2010,0.01159
69,IT,2010,0.01248
70,IT,2010,0.0142
71,IT,2010,0.01552
72,IT,2010,0.0174
73,IT,2010,0.01903
74,IT,2010,0.02205
75,IT,2010,0.02445
76,IT,2010,0.02764
77,IT,2010,0.03068
78,IT,2010,0.03493
79,IT,2010,0.03975
80,IT,2010,0.04575
81,IT,2010,0.05197
82,IT,2010,0.05911
83,IT,2010,0.06675
84,IT,2010,0.07545
85,IT,2010,0.08544
20,IT,2011,0.00038
21,IT,2011,0.00033
22,IT,2011,0.00034
23,IT,2011,0.00037
24,IT,2011,0.0004
25,IT,2011,0.00038
26,IT,2011,0.00033
27,IT,2011,0.00036
28,IT,2011,0.00035
29,IT,2011,0.00039
30,IT,2011,0.00039
31,IT,2011,0.0004
32,IT,2011,0.00045
33,IT,2011,0.00044
34,IT,2011,0.00051
35,IT,2011,0.00051
36,IT,2011,0.00055
37,IT,2011,0.00052
38,IT,2011,0.00067
39,IT,2011,0.00073
40,IT,2011,0.0008
41,IT,2011,0.00083
42,IT,2011,0.00097
43,IT,2011,0.00104
44,IT,2011,0.00117
45,IT,2011,0.00129
46,IT,2011,0.00154
47,IT,2011,0.00155
48,IT,2011,0.00188
49,IT,2011,0.00198
50,IT,2011,0.00222
51,IT,2011,0.0023
52,IT,2011,0.00264
53,IT,2011,0.00289
54,IT,2011,0.00329
55,IT,2011,0.0035
56,IT,2011,0.00377
57,IT,2011,0.00428
58,IT,2011,0.0047
59,IT,2011,0.00508
60,IT,2011,0.00561
61,IT,2011,0.00604
62,IT,2011,0.00669
63,IT,2011,0.00734
64,IT,2011,0.00788
65,IT,2011,0.00913
66,IT,2011,0.00992
67,IT,2011,0.01072
68,IT,2011,0.01173
69,IT,2011,0.01277
70,IT,2011,0.01377
71,IT,2011,0.01541
72,IT,2011,0.0169
73,IT,2011,0.01888
74,IT,2011,0.02119
75,IT,2011,0.02385
76,IT,2011,0.02684
77,IT,2011,0.03068
78,IT,2011,0.03465
79,IT,2011,0.03941
80,IT,2011,0.04491
81,IT,2011,0.05077
82,IT,2011,0.05732
83,IT,2011,0.06611
84,IT,2011,0.07496
85,IT,2011,0.08459
20,IT,2012,0.00027
21,IT,2012,0.00032
22,IT,2012,0.00034
23,IT,2012,0.00032
24,IT,2012,0.00033
25,IT,2012,0.00039
26,IT,2012,0.00034
27,IT,2012,0.00031
28,IT,2012,0.00038
29,IT,2012,0.00034
30,IT,2012,0.0004
31,IT,2012,0.00038
32,IT,2012,0.00045
33,IT,2012,0.00041
34,IT,2012,0.00048
35,IT,2012,0.00055
36,IT,2012,0.00055
37,IT,2012,0.00054
38,IT,2012,0.0007
39,IT,2012,0.00072
40,IT,2012,0.0008
41,IT,2012,0.00081
42,IT,2012,0.00101
43,IT,2012,0.00105
44,IT,2012,0.00112
45,IT,2012,0.00132
46,IT,2012,0.00145
47,IT,2012,0.00157
48,IT,2012,0.00176
49,IT,2012,0.002
50,IT,2012,0.0022
51,IT,2012,0.00233
52,IT,2012,0.00261
53,IT,2012,0.00285
54,IT,2012,0.00318
55,IT,2012,0.0034
56,IT,2012,0.00388
57,IT,2012,0.0041
58,IT,2012,0.00455
59,IT,2012,0.00502
60,IT,2012,0.0055
61,IT,2012,0.00603
62,IT,2012,0.00675
63,IT,2012,0.00723
64,IT,2012,0.0079
65,IT,2012,0.0088
66,IT,2012,0.00997
67,IT,2012,0.01074
68,IT,2012,0.01172
69,IT,2012,0.01268
70,IT,2012,0.01392
71,IT,2012,0.01513
72,IT,2012,0.01683
73,IT,2012,0.01893
74,IT,2012,0.02113
75,IT,2012,0.02386
76,IT,2012,0.02706
77,IT,2012,0.03015
78,IT,2012,0.03417
79,IT,2012,0.03951
80,IT,2012,0.04503
81,IT,2012,0.0514
82,IT,2012,0.05894
83,IT,2012,0.06625
84,IT,2012,0.07603
85,IT,2012,0.08572
20,IT,2013,0.0003
21,IT,2013,0.00027
22,IT,2013,0.00025
23,IT,2013,0.00032
24,IT,2013,0.00032
25,IT,2013,0.00034
26,IT,2013,0.00035
27,IT,2013,0.00034
28,IT,2013,0.00033
29,IT,2013,0.00032
30,IT,2013,0.00038
31,IT,2013,0.00039
32,IT,2013,0.00042
33,IT,2013,0.00042
34,IT,2013,0.00046
35,IT,2013,0.00048
36,IT,2013,0.00055
37,IT,2013,0.00058
38,IT,2013,0.00061
39,IT,2013,0.00066
40,IT,2013,0.00075
41,IT,2013,0.0008
42,IT,2013,0.00092
43,IT,2013,0.00101
44,IT,2013,0.00116
45,IT,2013,0.00125
46,IT,2013,0.00134
47,IT,2013,0.00147
48,IT,2013,0.00166
49,IT,2013,0.00194
50,IT,2013,0.00212
51,IT,2013,0.00228
52,IT,2013,0.00267
53,IT,2013,0.00277
54,IT,2013,0.00295
55,IT,2013,0.00347
56,IT,2013,0.00364
57,IT,2013,0.00418
58,IT,2013,0.00443
59,IT,2013,0.00466
60,IT,2013,0.00527
61,IT,2013,0.00584
62,IT,2013,0.00653
63,IT,2013,0.00701
64,IT,2013,0.00767
65,IT,2013,0.00854
66,IT,2013,0.00941
67,IT,2013,0.01054
68,IT,2013,0.01124
69,IT,2013,0.01237
70,IT,2013,0.01405
71,IT,2013,0.01488
72,IT,2013,0.01644
73,IT,2013,0.01802
74,IT,2013,0.01988
75,IT,2013,0.02272
76,IT,2013,0.02527
77,IT,2013,0.02909
78,IT,2013,0.0324
79,IT,2013,0.03767
80,IT,2013,0.04344
81,IT,2013,0.0491
82,IT,2013,0.05568
83,IT,2013,0.0631
84,IT,2013,0.07113
85,IT,2013,0.08169
20,IT,2014,0.00024
21,IT,2014,0.00026
22,IT,2014,0.00031
23,IT,2014,0.00027
24,IT,2014,0.00029
25,IT,2014,0.00032
26,IT,2014,0.00032
27,IT,2014,0.00031
28,IT,2014,0.00032
29,IT,2014,0.00033
30,IT,2014,0.00037
31,IT,2014,0.00034
32,IT,2014,0.00037
33,IT,2014,0.00041
34,IT,2014,0.00043
35,IT,2014,0.0005
36,IT,2014,0.00052
37,IT,2014,0.00059
38,IT,2014,0.00063
39,IT,2014,0.00066
40,IT,2014,0.00069
41,IT,2014,0.0008
42,IT,2014,0.00086
43,IT,2014,0.001
44,IT,2014,0.00108
45,IT,2014,0.00114
46,IT,2014,0.00132
47,IT,2014,0.00145
48,IT,2014,0.00164
49,IT,2014,0.00186
50,IT,2014,0.00208
51,IT,2014,0.00222
52,IT,2014,0.00248
53,IT,2014,0.00272
54,IT,2014,0.00306
55,IT,2014,0.00323
56,IT,2014,0.00353
57,IT,2014,0.00394
58,IT,2014,0.00439
59,IT,2014,0.00478
60,IT,2014,0.00523
61,IT,2014,0.0058
62,IT,2014,0.00637
63,IT,2014,0.00706
64,IT,2014,0.00753
65,IT,2014,0.00828
66,IT,2014,0.00935
67,IT,2014,0.01022
68,IT,2014,0.01119
69,IT,2014,0.01239
70,IT,2014,0.0135
71,IT,2014,0.01487
72,IT,2014,0.01619
73,IT,2014,0.0177
74,IT,2014,0.01969
75,IT,2014,0.02173
76,IT,2014,0.0249
77,IT,2014,0.02769
78,IT,2014,0.03176
79,IT,2014,0.03641
80,IT,2014,0.04131
81,IT,2014,0.04717
82,IT,2014,0.05422
83,IT,2014,0.06105
84,IT,2014,0.07109
85,IT,2014,0.07887
20,IT,2015,0.00026
21,IT,2015,0.00031
22,IT,2015,0.00029
23,IT,2015,0.00027
24,IT,2015,0.0003
25,IT,2015,0.00032
26,IT,2015,0.00034
27,IT,2015,0.00032
28,IT,2015,0.00031
29,IT,2015,0.0003
30,IT,2015,0.00035
31,IT,2015,0.00042
32,IT,2015,0.00039
33,IT,2015,0.0004
34,IT,2015,0.00048
35,IT,2015,0.00046
36,IT,2015,0.00053
37,IT,2015,0.00053
38,IT,2015,0.00059
39,IT,2015,0.00071
40,IT,2015,0.00075
41,IT,2015,0.0008
42,IT,2015,0.00088
43,IT,2015,0.00101
44,IT,2015,0.00105
45,IT,2015,0.00127
46,IT,2015,0.00139
47,IT,2015,0.00157
48,IT,2015,0.00167
49,IT,2015,0.00186
50,IT,2015,0.00209
51,IT,2015,0.00234
52,IT,2015,0.00253
53,IT,2015,0.00278
54,IT,2015,0.00303
55,IT,2015,0.00336
56,IT,2015,0.00363
57,IT,2015,0.00419
58,IT,2015,0.00428
59,IT,2015,0.00487
60,IT,2015,0.00546
61,IT,2015,0.00589
62,IT,2015,0.00641
63,IT,2015,0.00718
64,IT,2015,0.00788
65,IT,2015,0.00839
66,IT,2015,0.00934
67,IT,2015,0.01023
68,IT,2015,0.01124
69,IT,2015,0.01252
70,IT,2015,0.01369
71,IT,2015,0.01518
72,IT,2015,0.01696
73,IT,2015,0.01869
74,IT,2015,0.02042
75,IT,2015,0.02275
76,IT,2015,0.02569
77,IT,2015,0.02875
78,IT,2015,0.03306
79,IT,2015,0.03755
80,IT,2015,0.04309
81,IT,2015,0.04867
82,IT,2015,0.05711
83,IT,2015,0.06527
84,IT,2015,0.07476
85,IT,2015,0.08506
20,IT,2016,0.00026
21,IT,2016,0.00029
22,IT,2016,0.00029
23,IT,2016,0.00028
24,IT,2016,0.00028
25,IT,2016,0.0003
26,IT,2016,0.0003
27,IT,2016,0.0003
28,IT,2016,0.00032
29,IT,2016,0.00032
30,IT,2016,0.00035
31,IT,2016,0.00032
32,IT,2016,0.00038
33,IT,2016,0.00042
34,IT,2016,0.00048
35,IT,2016,0.00044
36,IT,2016,0.00055
37,IT,2016,0.00056
38,IT,2016,0.00058
39,IT,2016,0.00065
40,IT,2016,0.00072
41,IT,2016,0.00077
42,IT,2016,0.00086
43,IT,2016,0.00094
44,IT,2016,0.0011
45,IT,2016,0.00119
46,IT,2016,0.00129
47,IT,2016,0.00148
48,IT,2016,0.00157
49,IT,2016,0.0017
50,IT,2016,0.00197
51,IT,2016,0.00216
52,IT,2016,0.00245
53,IT,2016,0.00256
54,IT,2016,0.00307
55,IT,2016,0.00304
56,IT,2016,0.00363
57,IT,2016,0.00398
58,IT,2016,0.0044
59,IT,2016,0.00464
60,IT,2016,0.00511
61,IT,2016,0.00559
62,IT,2016,0.00613
63,IT,2016,0.00669
64,IT,2016,0.00722
65,IT,2016,0.00823
66,IT,2016,0.00914
67,IT,2016,0.00989
68,IT,2016,0.01085
69,IT,2016,0.01169
70,IT,2016,0.01297
71,IT,2016,0.01464
72,IT,2016,0.01619
73,IT,2016,0.01805
74,IT,2016,0.01996
75,IT,2016,0.02171
76,IT,2016,0.0244
77,IT,2016,0.02711
78,IT,2016,0.03049
79,IT,2016,0.03472
80,IT,2016,0.04034
81,IT,2016,0.04513
82,IT,2016,0.05267
83,IT,2016,0.06037
84,IT,2016,0.06894
85,IT,2016,0.0796
20,IT,2017,0.00034
21,IT,2017,0.00031
22,IT,2017,0.00035
23,IT,2017,0.00032
24,IT,2017,0.00032
25,IT,2017,0.00035
26,IT,2017,0.00031
27,IT,2017,0.00034
28,IT,2017,0.00032
29,IT,2017,0.00036
30,IT,2017,0.00041
31,IT,2017,0.00041
32,IT,2017,0.0004
33,IT,2017,0.00043
34,IT,2017,0.00046
35,IT,2017,0.00045
36,IT,2017,0.00052
37,IT,2017,0.00058
38,IT,2017,0.00063
39,IT,2017,0.00072
40,IT,2017,0.00072
41,IT,2017,0.00085
42,IT,2017,0.00094
43,IT,2017,0.00099
44,IT,2017,0.00109
45,IT,2017,0.00122
46,IT,2017,0.00137
47,IT,2017,0.00152
48,IT,2017,0.00166
49,IT,2017,0.00181
50,IT,2017,0.002
51,IT,2017,0.00217
52,IT,2017,0.00248
53,IT,2017,0.00267
54,IT,2017,0.00288
55,IT,2017,0.00328
56,IT,2017,0.00358
57,IT,2017,0.00392
58,IT,2017,0.00418
59,IT,2017,0.00472
60,IT,2017,0.00531
61,IT,2017,0.00575
62,IT,2017,0.00624
63,IT,2017,0.00687
64,IT,2017,0.0076
65,IT,2017,0.00813
66,IT,2017,0.00888
67,IT,2017,0.01004
68,IT,2017,0.0108
69,IT,2017,0.01215
70,IT,2017,0.01337
71,IT,2017,0.01474
72,IT,2017,0.0165
73,IT,2017,0.01827
74,IT,2017,0.0205
75,IT,2017,0.02261
76,IT,2017,0.0252
77,IT,2017,0.02799
78,IT,2017,0.03155
79,IT,2017,0.03548
80,IT,2017,0.04068
81,IT,2017,0.04746
82,IT,2017,0.05431
83,IT,2017,0.06179
84,IT,2017,0.07119
85,IT,2017,0.08243
20,IT,2018,0.00026
21,IT,2018,0.00029
22,IT,2018,0.00027
23,IT,2018,0.0003
24,IT,2018,0.00028
25,IT,2018,0.00031
26,IT,2018,0.00035
27,IT,2018,0.00031
28,IT,2018,0.00034
29,IT,2018,0.00032
30,IT,2018,0.00031
31,IT,2018,0.00037
32,IT,2018,0.00042
33,IT,2018,0.00042
34,IT,2018,0.00043
35,IT,2018,0.00046
36,IT,2018,0.00049
37,IT,2018,0.00057
38,IT,2018,0.00058
39,IT,2018,0.00066
40,IT,2018,0.00074
41,IT,2018,0.00078
42,IT,2018,0.00087
43,IT,2018,0.00088
44,IT,2018,0.0011
45,IT,2018,0.00113
46,IT,2018,0.0013
47,IT,2018,0.00143
48,IT,2018,0.00155
49,IT,2018,0.00173
50,IT,2018,0.00191
51,IT,2018,0.00211
52,IT,2018,0.00235
53,IT,2018,0.00252
54,IT,2018,0.00291
55,IT,2018,0.00312
56,IT,2018,0.00339
57,IT,2018,0.00375
58,IT,2018,0.00417
59,IT,2018,0.00461
60,IT,2018,0.00518
61,IT,2018,0.00539
62,IT,2018,0.00597
63,IT,2018,0.00669
64,IT,2018,0.00731
65,IT,2018,0.00799
66,IT,2018,0.00879
67,IT,2018,0.00958
68,IT,2018,0.01048
69,IT,2018,0.01134
70,IT,2018,0.01268
71,IT,2018,0.0143
72,IT,2018,0.01578
73,IT,2018,0.01736
74,IT,2018,0.01953
75,IT,2018,0.02165
76,IT,2018,0.02437
77,IT,2018,0.02662
78,IT,2018,0.02985
79,IT,2018,0.03428
80,IT,2018,0.03868
81,IT,2018,0.04441
82,IT,2018,0.05077
83,IT,2018,0.05796
84,IT,2018,0.06706
85,IT,2018,0.07723
20,IT,2019,0.00025
21,IT,2019,0.00028
22,IT,2019,0.00028
23,IT,2019,0.00029
24,IT,2019,0.00027
25,IT,2019,0.00031
26,IT,2019,0.00032
27,IT,2019,0.0003
28,IT,2019,0.00034
29,IT,2019,0.00031
30,IT,2019,0.00032
31,IT,2019,0.00032
32,IT,2019,0.00038
33,IT,2019,0.00038
34,IT,2019,0.00042
35,IT,2019,0.00043
36,IT,2019,0.0005
37,IT,2019,0.00052
38,IT,2019,0.00056
39,IT,2019,0.00063
40,IT,2019,0.0007
41,IT,2019,0.00078
42,IT,2019,0.00089
43,IT,2019,0.00094
44,IT,2019,0.00103
45,IT,2019,0.00116
46,IT,2019,0.00127
47,IT,2019,0.00135
48,IT,2019,0.00149
49,IT,2019,0.00171
50,IT,2019,0.00187
51,IT,2019,0.00202
52,IT,2019,0.00219
53,IT,2019,0.00256
54,IT,2019,0.00271
55,IT,2019,0.00295
56,IT,2019,0.00349
57,IT,2019,0.00369
58,IT,2019,0.00407
59,IT,2019,0.00449
60,IT,2019,0.00493
61,IT,2019,0.00521
62,IT,2019,0.00609
63,IT,2019,0.00644
64,IT,2019,0.00723
65,IT,2019,0.00767
66,IT,2019,0.00868
67,IT,2019,0.0093
68,IT,2019,0.01036
69,IT,2019,0.01141
70,IT,2019,0.01236
71,IT,2019,0.01402
72,IT,2019,0.01546
73,IT,2019,0.01749
74,IT,2019,0.01941
75,IT,2019,0.02153
76,IT,2019,0.02391
77,IT,2019,0.0262
78,IT,2019,0.03009
79,IT,2019,0.03408
80,IT,2019,0.03814
81,IT,2019,0.04428
82,IT,2019,0.04996
83,IT,2019,0.05803
84,IT,2019,0.06638
85,IT,2019,0.07665
20,IT,2022,0.00025
21,IT,2022,0.00032
22,IT,2022,0.00032
23,IT,2022,0.00028
24,IT,2022,0.00028
25,IT,2022,0.00029
26,IT,2022,0.00033
27,IT,2022,0.00031
28,IT,2022,0.00032
29,IT,2022,0.00036
30,IT,2022,0.00036
31,IT,2022,0.00039
32,IT,2022,0.00039
33,IT,2022,0.00045
34,IT,2022,0.00049
35,IT,2022,0.00049
36,IT,2022,0.00056
37,IT,2022,0.00053
38,IT,2022,0.00059
39,IT,2022,0.00067
40,IT,2022,0.00072
41,IT,2022,0.00085
42,IT,2022,0.00096
43,IT,2022,0.00099
44,IT,2022,0.00112
45,IT,2022,0.00121
46,IT,2022,0.00137
47,IT,2022,0.00145
48,IT,2022,0.00158
49,IT,2022,0.00168
50,IT,2022,0.00189
51,IT,2022,0.00209
52,IT,2022,0.0024
53,IT,2022,0.00259
54,IT,2022,0.0028
55,IT,2022,0.00314
56,IT,2022,0.00356
57,IT,2022,0.00373
58,IT,2022,0.00415
59,IT,2022,0.00473
60,IT,2022,0.00516
61,IT,2022,0.00557
62,IT,2022,0.00615
63,IT,2022,0.00687
64,IT,2022,0.00748
65,IT,2022,0.00839
66,IT,2022,0.00921
67,IT,2022,0.01004
68,IT,2022,0.01088
69,IT,2022,0.01216
70,IT,2022,0.01356
71,IT,2022,0.01516
72,IT,2022,0.01653
73,IT,2022,0.0182
74,IT,2022,0.02075
75,IT,2022,0.02277
76,IT,2022,0.0261
77,IT,2022,0.02977
78,IT,2022,0.03336
79,IT,2022,0.03766
80,IT,2022,0.04138
81,IT,2022,0.04724
82,IT,2022,0.05428
83,IT,2022,0.06139
84,IT,2022,0.07069
85,IT,2022,0.0812
20,IT,2023,0.0002053195584263
21,IT,2023,0.0002287103914041
22,IT,2023,0.0002338687319397
23,IT,2023,0.000222807709173
24,IT,2023,0.0002289889650251
25,IT,2023,0.000251097942573
26,IT,2023,0.0002577925604579
27,IT,2023,0.0002454226386793
28,IT,2023,0.0002550648119661
29,IT,2023,0.000261946793625
30,IT,2023,0.0002862005321557
31,IT,2023,0.0003004338951398
32,IT,2023,0.0003240269300081
33,IT,2023,0.0003411311636539
34,IT,2023,0.0003829738164914
35,IT,2023,0.000383415367156
36,IT,2023,0.000439427907539
37,IT,2023,0.0004529237441856
38,IT,2023,0.000491917851825
39,IT,2023,0.000563521623966
40,IT,2023,0.000608675223736
41,IT,2023,0.0006790030117202
42,IT,2023,0.0007840401187194
43,IT,2023,0.0008423874217157
44,IT,2023,0.0009450347510448
45,IT,2023,0.0010546174826258
46,IT,2023,0.0011767809416077
47,IT,2023,0.0012917614766647
48,IT,2023,0.0014093444929
49,IT,2023,0.0015849187342073
50,IT,2023,0.0017752210639327
51,IT,2023,0.0019157417555274
52,IT,2023,0.0021637568382565
53,IT,2023,0.0023414792404987
54,IT,2023,0.0025997392344037
55,IT,2023,0.0028081525495328
56,IT,2023,0.0031780477023933
57,IT,2023,0.0034391784591854
58,IT,2023,0.0037544858944491
59,IT,2023,0.004180023641382
60,IT,2023,0.0046805615454978
61,IT,2023,0.0049823560979683
62,IT,2023,0.0055609597648536
63,IT,2023,0.006139433429641
64,IT,2023,0.0066862763716872
65,IT,2023,0.0073237264865336
66,IT,2023,0.0081450310968155
67,IT,2023,0.0087980124089896
68,IT,2023,0.0095567335057944
69,IT,2023,0.0105022956892413
70,IT,2023,0.0116302266631771
71,IT,2023,0.0128977715446339
72,IT,2023,0.0141736513003671
73,IT,2023,0.0157184253158702
74,IT,2023,0.0175549522742286
75,IT,2023,0.0193840194357143
76,IT,2023,0.0219575008460088
77,IT,2023,0.0246194225094949
78,IT,2023,0.0280194130378286
79,IT,2023,0.0322735574511103
80,IT,2023,0.0366172140481164
81,IT,2023,0.0421516754928254
82,IT,2023,0.0486676163200801
83,IT,2023,0.0559900076928966
84,IT,2023,0.0649286400295216
85,IT,2023,0.0749877888374483
20,IT,2024,0.000196568235722
21,IT,2024,0.0002201989445957
22,IT,2024,0.000224940058406
23,IT,2024,0.000213977748126
24,IT,2024,0.0002199879755239
25,IT,2024,0.0002420699849427
26,IT,2024,0.0002492152578182
27,IT,2024,0.0002361880747747
28,IT,2024,0.0002458508987818
29,IT,2024,0.0002526182976815
30,IT,2024,0.0002769203963705
31,IT,2024,0.0002912817618704
32,IT,2024,0.0003145108137192
33,IT,2024,0.0003312632355637
34,IT,2024,0.0003731378939605
35,IT,2024,0.0003720970576785
36,IT,2024,0.0004281087266534
37,IT,2024,0.0004402740222581
38,IT,2024,0.0004778118193997
39,IT,2024,0.0005493643927845
40,IT,2024,0.0005926652604344
41,IT,2024,0.0006619759755448
42,IT,2024,0.0007672241022285
43,IT,2024,0.0008233780910143
44,IT,2024,0.0009245709023429
45,IT,2024,0.0010328056359165
46,IT,2024,0.0011528846833184
47,IT,2024,0.0012665760640931
48,IT,2024,0.0013807088877248
49,IT,2024,0.0015542721843577
50,IT,2024,0.0017438028287848
51,IT,2024,0.0018795102404617
52,IT,2024,0.0021245671127544
53,IT,2024,0.0022978533227352
54,IT,2024,0.0025519947704057
55,IT,2024,0.0027543722206081
56,IT,2024,0.0031229536680254
57,IT,2024,0.0033742041891191
58,IT,2024,0.003683997361181
59,IT,2024,0.0041065295523323
60,IT,2024,0.0046029021161245
61,IT,2024,0.0048895665773959
62,IT,2024,0.0054651144203848
63,IT,2024,0.0060365291521568
64,IT,2024,0.006570958297842
65,IT,2024,0.0071948508569414
66,IT,2024,0.0080067151312375
67,IT,2024,0.0086376740515043
68,IT,2024,0.0093766238758662
69,IT,2024,0.0103026346086689
70,IT,2024,0.0114122480669467
71,IT,2024,0.012652013740867
72,IT,2024,0.013893510064497
73,IT,2024,0.0154064868272991
74,IT,2024,0.0172029956844694
75,IT,2024,0.0189803312036837
76,IT,2024,0.0215156526273724
77,IT,2024,0.0241290343296647
78,IT,2024,0.0274846556525495
79,IT,2024,0.0317021526321355
80,IT,2024,0.0359655579224989
81,IT,2024,0.0414533720151036
82,IT,2024,0.0479106763845041
83,IT,2024,0.0551879297684854
84,IT,2024,0.0641168929664704
85,IT,2024,0.0741534240080135
20,IT,2025,0.0001881899200982
21,IT,2025,0.0002120042508929
22,IT,2025,0.0002163522650335
23,IT,2025,0.0002054977220627
24,IT,2025,0.0002113407926438
25,IT,2025,0.0002333666178612
26,IT,2025,0.0002409233401424
27,IT,2025,0.0002273009815475
28,IT,2025,0.0002369698272605
29,IT,2025,0.0002436220097997
30,IT,2025,0.0002679411716965
31,IT,2025,0.0002824084305096
32,IT,2025,0.0003052741694768
33,IT,2025,0.0003216807578081
34,IT,2025,0.0003635545875821
35,IT,2025,0.0003611128613859
36,IT,2025,0.0004170811154514
37,IT,2025,0.0004279775948242
38,IT,2025,0.0004641102857136
39,IT,2025,0.0005355628306425
40,IT,2025,0.0005770764066423
41,IT,2025,0.0006453759182722
42,IT,2025,0.0007507687540298
43,IT,2025,0.0008047977252338
44,IT,2025,0.0009045501792543
45,IT,2025,0.0010114449069488
46,IT,2025,0.0011294736735066
47,IT,2025,0.0012418816903223
48,IT,2025,0.0013526551118241
49,IT,2025,0.0015242182270477
50,IT,2025,0.0017129406401598
51,IT,2025,0.0018439639548536
52,IT,2025,0.0020860871872435
53,IT,2025,0.0022550402333188
54,IT,2025,0.0025051271381346
55,IT,2025,0.0027016218655642
56,IT,2025,0.0030688147334253
57,IT,2025,0.0033104574377235
58,IT,2025,0.0036148322137138
59,IT,2025,0.0040343276524157
60,IT,2025,0.0045265312045738
61,IT,2025,0.0047985051338534
62,IT,2025,0.0053709210083963
63,IT,2025,0.0059353496739469
64,IT,2025,0.0064576291124927
65,IT,2025,0.0070682430520604
66,IT,2025,0.0078707479972485
67,IT,2025,0.0084802577618322
68,IT,2025,0.0091999086566719
69,IT,2025,0.0101067693217282
70,IT,2025,0.0111983549171818
71,IT,2025,0.0124109386761225
72,IT,2025,0.0136189058007432
73,IT,2025,0.0151007388838174
74,IT,2025,0.016858095419281
75,IT,2025,0.0185850501128666
76,IT,2025,0.0210826956687059
77,IT,2025,0.0236484140705411
78,IT,2025,0.0269601042434173
79,IT,2025,0.0311408645617605
80,IT,2025,0.0353254989573179
81,IT,2025,0.0407666369445993
82,IT,2025,0.0471655093301454
83,IT,2025,0.0543973419120939
84,IT,2025,0.0633152944802887
85,IT,2025,0.0733283428856915
