country,age,age_num,lambda_xr,n_obs,weighted,intercept,r_squared,rmse_residual_after_climate,mean_C_tr,sd_C_tr,status
ES,20,20.0,-0.022396395195866847,20,False,0.0,0.053104902115196695,0.09095086229063858,-1.1102230246251566e-17,0.961712079266725,estimated
ES,21,21.0,0.009528202766377263,20,False,0.0,0.0056336157301192236,0.12174066462175319,-1.1102230246251566e-17,0.961712079266725,estimated
ES,22,22.0,-0.0030970907591287545,20,False,0.0,0.0008723348807256892,0.10080170461691648,-1.1102230246251566e-17,0.961712079266725,estimated
ES,23,23.0,0.007365083306666807,20,False,0.0,0.007227699385960684,0.08301326960532078,-1.1102230246251566e-17,0.961712079266725,estimated
ES,24,24.0,0.01800911873033555,20,False,0.0,0.025399491318095824,0.1072848354810036,-1.1102230246251566e-17,0.961712079266725,estimated
ES,25,25.0,-0.011029524909087455,20,False,0.0,0.010146134182804634,0.10477004192836215,-1.1102230246251566e-17,0.961712079266725,estimated
ES,26,26.0,-0.031097271331795188,20,False,0.0,0.0827868702332073,0.0995455277045052,-1.1102230246251566e-17,0.961712079266725,estimated
ES,27,27.0,-0.0079235688913933,20,False,0.0,0.010651721580576923,0.07343965149413627,-1.1102230246251566e-17,0.961712079266725,estimated
ES,28,28.0,-0.021477533117638545,20,False,0.0,0.037788380174958,0.10422829389268068,-1.1102230246251566e-17,0.961712079266725,estimated
ES,29,29.0,-0.004275024603181553,20,False,0.0,0.003371718712846694,0.07068457070951766,-1.1102230246251566e-17,0.961712079266725,estimated
ES,30,30.0,-0.028005810153739617,20,False,0.0,0.09092888070293292,0.08516109150868398,-1.1102230246251566e-17,0.961712079266725,estimated
ES,31,31.0,-0.036588221796833145,20,False,0.0,0.12320004448219846,0.09387094744167605,-1.1102230246251566e-17,0.961712079266725,estimated
ES,32,32.0,-0.016023105685786396,20,False,0.0,0.02242832715264309,0.10173435388047439,-1.1102230246251566e-17,0.961712079266725,estimated
ES,33,33.0,-0.007555540060437097,20,False,0.0,0.005749353484838182,0.09555403238570463,-1.1102230246251566e-17,0.961712079266725,estimated
ES,34,34.0,-0.014722433570540979,20,False,0.0,0.02021619349389947,0.09856894542567761,-1.1102230246251566e-17,0.961712079266725,estimated
ES,35,35.0,-0.030068622355405524,20,False,0.0,0.08325138388066222,0.09595950572295506,-1.1102230246251566e-17,0.961712079266725,estimated
ES,36,36.0,-0.04182670015268112,20,False,0.0,0.15125664453190646,0.09528611859504169,-1.1102230246251566e-17,0.961712079266725,estimated
ES,37,37.0,-0.03800814902299152,20,False,0.0,0.10652941429313689,0.10585884500585165,-1.1102230246251566e-17,0.961712079266725,estimated
ES,38,38.0,-0.043803473634620824,20,False,0.0,0.15767457487411296,0.0973672138853867,-1.1102230246251566e-17,0.961712079266725,estimated
ES,39,39.0,-0.07385186637052273,20,False,0.0,0.3349870470917813,0.10007085053991945,-1.1102230246251566e-17,0.961712079266725,estimated
ES,40,40.0,-0.04690603518063869,20,False,0.0,0.25179302055147434,0.07776117772215982,-1.1102230246251566e-17,0.961712079266725,estimated
ES,41,41.0,-0.05026365073060458,20,False,0.0,0.2942211065787178,0.07486804983726227,-1.1102230246251566e-17,0.961712079266725,estimated
ES,42,42.0,-0.06685808661838182,20,False,0.0,0.42928980196613176,0.07413640885768061,-1.1102230246251566e-17,0.961712079266725,estimated
ES,43,43.0,-0.055319343304923656,20,False,0.0,0.4539536331554286,0.05834868860306224,-1.1102230246251566e-17,0.961712079266725,estimated
ES,44,44.0,-0.05846501607827734,20,False,0.0,0.32446742310840715,0.0811294894854875,-1.1102230246251566e-17,0.961712079266725,estimated
ES,45,45.0,-0.06937338850449987,20,False,0.0,0.5617233445134531,0.05893196357165086,-1.1102230246251566e-17,0.961712079266725,estimated
ES,46,46.0,-0.056673391960445775,20,False,0.0,0.5773043748655261,0.04663755019094481,-1.1102230246251566e-17,0.961712079266725,estimated
ES,47,47.0,-0.07278151966673327,20,False,0.0,0.6936525346274447,0.046515998430998656,-1.1102230246251566e-17,0.961712079266725,estimated
ES,48,48.0,-0.048721874347788935,20,False,0.0,0.4564025499534704,0.05113682178774894,-1.1102230246251566e-17,0.961712079266725,estimated
ES,49,49.0,-0.05394366444828174,20,False,0.0,0.6225278878140923,0.040396947128506444,-1.1102230246251566e-17,0.961712079266725,estimated
ES,50,50.0,-0.04477692155218655,20,False,0.0,0.504945337770697,0.04263867467606272,-1.1102230246251566e-17,0.961712079266725,estimated
ES,51,51.0,-0.022027610039892332,20,False,0.0,0.20801393173848182,0.04133567271814978,-1.1102230246251566e-17,0.961712079266725,estimated
ES,52,52.0,-0.031745896598611774,20,False,0.0,0.26248411914292813,0.05117605919322588,-1.1102230246251566e-17,0.961712079266725,estimated
ES,53,53.0,-0.018478897704762805,20,False,0.0,0.19480947987581987,0.03612978817388993,-1.1102230246251566e-17,0.961712079266725,estimated
ES,54,54.0,-0.02276082068967687,20,False,0.0,0.3200165407360067,0.031907733009899415,-1.1102230246251566e-17,0.961712079266725,estimated
ES,55,55.0,-0.011802718253971015,20,False,0.0,0.12429918088576886,0.0301280383570218,-1.1102230246251566e-17,0.961712079266725,estimated
ES,56,56.0,-0.009497846384814686,20,False,0.0,0.09076686291426617,0.028909739401679603,-1.1102230246251566e-17,0.961712079266725,estimated
ES,57,57.0,0.0016563685822196309,20,False,0.0,0.0034039201065240166,0.02725661773217445,-1.1102230246251566e-17,0.961712079266725,estimated
ES,58,58.0,-0.002887731778581961,20,False,0.0,0.01176915578669091,0.025448282057100476,-1.1102230246251566e-17,0.961712079266725,estimated
ES,59,59.0,0.0021529251198846968,20,False,0.0,0.007766179437747711,0.023403310714767984,-1.1102230246251566e-17,0.961712079266725,estimated
ES,60,60.0,0.00016806373790831286,20,False,0.0,5.891415154068991e-05,0.02105699927485927,-1.1102230246251566e-17,0.961712079266725,estimated
ES,61,61.0,0.000976080071276405,20,False,0.0,0.001621240543862812,0.023294556966430666,-1.1102230246251566e-17,0.961712079266725,estimated
ES,62,62.0,0.0036462507649648638,20,False,0.0,0.03287095516773031,0.019020750778973188,-1.1102230246251566e-17,0.961712079266725,estimated
ES,63,63.0,0.00570633849258581,20,False,0.0,0.12985464484378562,0.014205932916556557,-1.1102230246251566e-17,0.961712079266725,estimated
ES,64,64.0,0.005077161052295929,20,False,0.0,0.041844828340723894,0.023364852271825196,-1.1102230246251566e-17,0.961712079266725,estimated
ES,65,65.0,0.009843308735534526,20,False,0.0,0.1731535992730262,0.020686300836670973,-1.1102230246251566e-17,0.961712079266725,estimated
ES,66,66.0,-0.000432995806356754,20,False,0.0,0.00023844522865545947,0.02696389696195967,-1.1102230246251566e-17,0.961712079266725,estimated
ES,67,67.0,0.0037702985620496174,20,False,0.0,0.01976691125914476,0.025533837271932872,-1.1102230246251566e-17,0.961712079266725,estimated
ES,68,68.0,0.005512961638150011,20,False,0.0,0.05763884883487347,0.021437842658344416,-1.1102230246251566e-17,0.961712079266725,estimated
ES,69,69.0,0.0012423699409680445,20,False,0.0,0.0024335173405553023,0.024190770862709973,-1.1102230246251566e-17,0.961712079266725,estimated
ES,70,70.0,-0.005748135177942354,20,False,0.0,0.05749299760786597,0.022382410680639064,-1.1102230246251566e-17,0.961712079266725,estimated
ES,71,71.0,-0.0009415248146464615,20,False,0.0,0.002610575840066187,0.017698687607977426,-1.1102230246251566e-17,0.961712079266725,estimated
ES,72,72.0,-0.0076712366358034755,20,False,0.0,0.1284366173070074,0.01921832392157475,-1.1102230246251566e-17,0.961712079266725,estimated
ES,73,73.0,-0.007171573646715354,20,False,0.0,0.19077446470344528,0.014204769832774399,-1.1102230246251566e-17,0.961712079266725,estimated
ES,74,74.0,-0.007373793170530252,20,False,0.0,0.13106594959990214,0.0182593154450024,-1.1102230246251566e-17,0.961712079266725,estimated
ES,75,75.0,-0.009725255571321695,20,False,0.0,0.1686566660788298,0.020765124901999225,-1.1102230246251566e-17,0.961712079266725,estimated
ES,76,76.0,-0.007460884535366459,20,False,0.0,0.13935588431651535,0.017831362782509498,-1.1102230246251566e-17,0.961712079266725,estimated
ES,77,77.0,-0.0079753877692031,20,False,0.0,0.09788379424582805,0.023284811336000567,-1.1102230246251566e-17,0.961712079266725,estimated
ES,78,78.0,-0.010159483472717449,20,False,0.0,0.1822351272607452,0.020697356373937284,-1.1102230246251566e-17,0.961712079266725,estimated
ES,79,79.0,-0.011536978481239996,20,False,0.0,0.16934222793329767,0.024573418970311508,-1.1102230246251566e-17,0.961712079266725,estimated
ES,80,80.0,-0.016322359065892727,20,False,0.0,0.4000653447770268,0.019222705250564513,-1.1102230246251566e-17,0.961712079266725,estimated
ES,81,81.0,-0.01826100180196255,20,False,0.0,0.4002765884021613,0.02149636743602365,-1.1102230246251566e-17,0.961712079266725,estimated
ES,82,82.0,-0.017966093037375695,20,False,0.0,0.34529715872269817,0.023791637037879915,-1.1102230246251566e-17,0.961712079266725,estimated
ES,83,83.0,-0.01845517084037204,20,False,0.0,0.30968331624504775,0.02649893507332779,-1.1102230246251566e-17,0.961712079266725,estimated
ES,84,84.0,-0.017377193738358086,20,False,0.0,0.3150717998470788,0.02464010027077452,-1.1102230246251566e-17,0.961712079266725,estimated
ES,85,85.0,-0.014196355926147354,20,False,0.0,0.21976212250566285,0.02572521686708636,-1.1102230246251566e-17,0.961712079266725,estimated
FR,20,20.0,0.045301589958004616,20,False,0.0,0.2456686715936297,0.07268296745137647,-2.2204460492503132e-17,0.9156152586894606,estimated
FR,21,21.0,0.05264272235747465,20,False,0.0,0.3629160324328332,0.0638626039577836,-2.2204460492503132e-17,0.9156152586894606,estimated
FR,22,22.0,0.03402998624177507,20,False,0.0,0.12108944099931751,0.08394483869444667,-2.2204460492503132e-17,0.9156152586894606,estimated
FR,23,23.0,0.027366742709560465,20,False,0.0,0.2195309921354327,0.047246108360691055,-2.2204460492503132e-17,0.9156152586894606,estimated
FR,24,24.0,0.05338521608923528,20,False,0.0,0.4243400165425639,0.05693247347542035,-2.2204460492503132e-17,0.9156152586894606,estimated
FR,25,25.0,0.024678232862403393,20,False,0.0,0.0849546974650992,0.07415743137952326,-2.2204460492503132e-17,0.9156152586894606,estimated
FR,26,26.0,0.009663791121711372,20,False,0.0,0.015234299744924407,0.07114031182331107,-2.2204460492503132e-17,0.9156152586894606,estimated
FR,27,27.0,0.026671813654293827,20,False,0.0,0.08063429092061081,0.08246123499510047,-2.2204460492503132e-17,0.9156152586894606,estimated
FR,28,28.0,0.028679621376060945,20,False,0.0,0.07557867206287505,0.09183786629250378,-2.2204460492503132e-17,0.9156152586894606,estimated
FR,29,29.0,0.03581709355275066,20,False,0.0,0.15684731055193057,0.07603576845901841,-2.2204460492503132e-17,0.9156152586894606,estimated
FR,30,30.0,0.025746336542969688,20,False,0.0,0.10564584486987161,0.06858940218268655,-2.2204460492503132e-17,0.9156152586894606,estimated
FR,31,31.0,0.06239361033811383,20,False,0.0,0.47129376381217547,0.060508238188228855,-2.2204460492503132e-17,0.9156152586894606,estimated
FR,32,32.0,0.03451956395968329,20,False,0.0,0.2135010426819376,0.06066349088453207,-2.2204460492503132e-17,0.9156152586894606,estimated
FR,33,33.0,0.04577424572973048,20,False,0.0,0.4342797455526546,0.04783549748397213,-2.2204460492503132e-17,0.9156152586894606,estimated
FR,34,34.0,0.03886606697491999,20,False,0.0,0.4582680375250051,0.03869154413966091,-2.2204460492503132e-17,0.9156152586894606,estimated
FR,35,35.0,0.04710416481397701,20,False,0.0,0.36753421859463786,0.05657726592718798,-2.2204460492503132e-17,0.9156152586894606,estimated
FR,36,36.0,0.04421455719095332,20,False,0.0,0.403724555892208,0.04919932914515964,-2.2204460492503132e-17,0.9156152586894606,estimated
FR,37,37.0,0.03841065907222511,20,False,0.0,0.2366953554297575,0.06315661791260826,-2.2204460492503132e-17,0.9156152586894606,estimated
FR,38,38.0,0.04765541652473205,20,False,0.0,0.4300873728886123,0.05022860133759032,-2.2204460492503132e-17,0.9156152586894606,estimated
FR,39,39.0,0.04678374039051625,20,False,0.0,0.3312270279817947,0.06086735575129418,-2.2204460492503132e-17,0.9156152586894606,estimated
FR,40,40.0,0.03669488240350448,20,False,0.0,0.38022565850351053,0.042895783800510554,-2.2204460492503132e-17,0.9156152586894606,estimated
FR,41,41.0,0.022898045893743096,20,False,0.0,0.14565999058873358,0.05077578856338343,-2.2204460492503132e-17,0.9156152586894606,estimated
FR,42,42.0,0.012396163892489322,20,False,0.0,0.07041921961566455,0.041238066538762844,-2.2204460492503132e-17,0.9156152586894606,estimated
FR,43,43.0,0.013773155970123392,20,False,0.0,0.09671275119182365,0.0385405189346012,-2.2204460492503132e-17,0.9156152586894606,estimated
FR,44,44.0,0.00020078994947195483,20,False,0.0,2.306822941489095e-05,0.03827743712762399,-2.2204460492503132e-17,0.9156152586894606,estimated
FR,45,45.0,0.0038192635919970072,20,False,0.0,0.010141156651224281,0.03454900484926152,-2.2204460492503132e-17,0.9156152586894606,estimated
FR,46,46.0,-0.008293661601956345,20,False,0.0,0.055464479780288345,0.031337259085708766,-2.2204460492503132e-17,0.9156152586894606,estimated
FR,47,47.0,-0.011129693784406605,20,False,0.0,0.10183684064428233,0.03026365636906074,-2.2204460492503132e-17,0.9156152586894606,estimated
FR,48,48.0,-0.017094181787691547,20,False,0.0,0.3273120365115715,0.022438156872838993,-2.2204460492503132e-17,0.9156152586894606,estimated
FR,49,49.0,-0.024994619759029658,20,False,0.0,0.36499740437756123,0.030185781080810506,-2.2204460492503132e-17,0.9156152586894606,estimated
FR,50,50.0,-0.01547293484674551,20,False,0.0,0.26253099195291474,0.023744734372559962,-2.2204460492503132e-17,0.9156152586894606,estimated
FR,51,51.0,-0.028729083331244746,20,False,0.0,0.33948289701348944,0.036691703424977865,-2.2204460492503132e-17,0.9156152586894606,estimated
FR,52,52.0,-0.024412613982259898,20,False,0.0,0.3032719254195737,0.03387995748547631,-2.2204460492503132e-17,0.9156152586894606,estimated
FR,53,53.0,-0.021175008558886182,20,False,0.0,0.2981893703179117,0.029744077776212866,-2.2204460492503132e-17,0.9156152586894606,estimated
FR,54,54.0,-0.024645281212574734,20,False,0.0,0.25540634900518167,0.038529255697635344,-2.2204460492503132e-17,0.9156152586894606,estimated
FR,55,55.0,-0.02487055607892221,20,False,0.0,0.24274611157506942,0.040220098733931654,-2.2204460492503132e-17,0.9156152586894606,estimated
FR,56,56.0,-0.022359852064113252,20,False,0.0,0.20845639150242168,0.03989438392876563,-2.2204460492503132e-17,0.9156152586894606,estimated
FR,57,57.0,-0.015889845334695733,20,False,0.0,0.11681922231290853,0.04000371644470396,-2.2204460492503132e-17,0.9156152586894606,estimated
FR,58,58.0,-0.011123722682077824,20,False,0.0,0.0746155743381175,0.035868195207045844,-2.2204460492503132e-17,0.9156152586894606,estimated
FR,59,59.0,-0.0087211592600493,20,False,0.0,0.045102034509345024,0.036742411474223614,-2.2204460492503132e-17,0.9156152586894606,estimated
FR,60,60.0,0.0019405719661795074,20,False,0.0,0.0026290028959709,0.03460792891449465,-2.2204460492503132e-17,0.9156152586894606,estimated
FR,61,61.0,0.008849191603843589,20,False,0.0,0.04112746912583187,0.039122902416278464,-2.2204460492503132e-17,0.9156152586894606,estimated
FR,62,62.0,0.015632376070299388,20,False,0.0,0.20954580037588888,0.027799493987944835,-2.2204460492503132e-17,0.9156152586894606,estimated
FR,63,63.0,0.01736909945763264,20,False,0.0,0.31959212538861237,0.023204753224883877,-2.2204460492503132e-17,0.9156152586894606,estimated
FR,64,64.0,0.020654593080320853,20,False,0.0,0.4554925926273923,0.020677160630550858,-2.2204460492503132e-17,0.9156152586894606,estimated
FR,65,65.0,0.0240960320506049,20,False,0.0,0.46684535704602415,0.023577547559964374,-2.2204460492503132e-17,0.9156152586894606,estimated
FR,66,66.0,0.031322469266425755,20,False,0.0,0.5610617090719663,0.02536678525456394,-2.2204460492503132e-17,0.9156152586894606,estimated
FR,67,67.0,0.03178767384851735,20,False,0.0,0.5808228886963981,0.02472570531509752,-2.2204460492503132e-17,0.9156152586894606,estimated
FR,68,68.0,0.026589249123508546,20,False,0.0,0.581485267679568,0.020654044662962733,-2.2204460492503132e-17,0.9156152586894606,estimated
FR,69,69.0,0.02957048087981278,20,False,0.0,0.5238026159076473,0.02581553203474506,-2.2204460492503132e-17,0.9156152586894606,estimated
FR,70,70.0,0.0280470861253989,20,False,0.0,0.5438631507113995,0.02351817034615426,-2.2204460492503132e-17,0.9156152586894606,estimated
FR,71,71.0,0.02812118002101814,20,False,0.0,0.6177831428409497,0.02025272444649054,-2.2204460492503132e-17,0.9156152586894606,estimated
FR,72,72.0,0.02543880087989731,20,False,0.0,0.5913793747134287,0.019361398002774928,-2.2204460492503132e-17,0.9156152586894606,estimated
FR,73,73.0,0.02052601459156696,20,False,0.0,0.6082004835267594,0.015084336851668016,-2.2204460492503132e-17,0.9156152586894606,estimated
FR,74,74.0,0.022004981864577278,20,False,0.0,0.6024157404099899,0.016368183011562905,-2.2204460492503132e-17,0.9156152586894606,estimated
FR,75,75.0,0.017086695438732383,20,False,0.0,0.5040009078797274,0.015520148822692816,-2.2204460492503132e-17,0.9156152586894606,estimated
FR,76,76.0,0.016597268785099765,20,False,0.0,0.42878528531086724,0.017539992586034277,-2.2204460492503132e-17,0.9156152586894606,estimated
FR,77,77.0,0.017438723025429953,20,False,0.0,0.6535823796528166,0.011624586698965537,-2.2204460492503132e-17,0.9156152586894606,estimated
FR,78,78.0,0.013434794125306154,20,False,0.0,0.40884660573116827,0.014791558407075411,-2.2204460492503132e-17,0.9156152586894606,estimated
FR,79,79.0,0.007477333167804083,20,False,0.0,0.15210434102119563,0.01616442107105142,-2.2204460492503132e-17,0.9156152586894606,estimated
FR,80,80.0,-0.002524594898999976,20,False,0.0,0.014575883352181074,0.019006356598331626,-2.2204460492503132e-17,0.9156152586894606,estimated
FR,81,81.0,-0.005256559113597071,20,False,0.0,0.055759477116902656,0.019805989538544688,-2.2204460492503132e-17,0.9156152586894606,estimated
FR,82,82.0,-0.006691477285007811,20,False,0.0,0.07617300648639669,0.02133682547616596,-2.2204460492503132e-17,0.9156152586894606,estimated
FR,83,83.0,-0.006706696212817917,20,False,0.0,0.08182219809491909,0.02057071938511079,-2.2204460492503132e-17,0.9156152586894606,estimated
FR,84,84.0,-0.007415543682049697,20,False,0.0,0.13863418434613106,0.01692445410124688,-2.2204460492503132e-17,0.9156152586894606,estimated
FR,85,85.0,-0.007137747002112832,20,False,0.0,0.10475618750750915,0.019105349805078428,-2.2204460492503132e-17,0.9156152586894606,estimated
IT,20,20.0,-0.020818097729608808,20,False,0.0,0.04259446593936622,0.09422273784443311,4.4408920985006264e-17,0.9546480688821923,estimated
IT,21,21.0,0.01124028878226586,20,False,0.0,0.027710337058958423,0.06356202101525202,4.4408920985006264e-17,0.9546480688821923,estimated
IT,22,22.0,0.00276927128068778,20,False,0.0,0.0008020231238449194,0.09331277998296629,4.4408920985006264e-17,0.9546480688821923,estimated
IT,23,23.0,-0.0103238590166454,20,False,0.0,0.015906447072997043,0.07752057126820687,4.4408920985006264e-17,0.9546480688821923,estimated
IT,24,24.0,-0.03404405815922482,20,False,0.0,0.2459480866926672,0.05690671563565447,4.4408920985006264e-17,0.9546480688821923,estimated
IT,25,25.0,-0.012738064842770661,20,False,0.0,0.04407903959214088,0.05662936401259264,4.4408920985006264e-17,0.9546480688821923,estimated
IT,26,26.0,0.006127122532955127,20,False,0.0,0.007867788932853448,0.06568380280759237,4.4408920985006264e-17,0.9546480688821923,estimated
IT,27,27.0,-0.03143672832684167,20,False,0.0,0.21458555798406986,0.057415590639563925,4.4408920985006264e-17,0.9546480688821923,estimated
IT,28,28.0,-0.02199641158147994,20,False,0.0,0.10411680885328511,0.061597119785059204,4.4408920985006264e-17,0.9546480688821923,estimated
IT,29,29.0,-0.03104662944695269,20,False,0.0,0.18208737000304087,0.06281614816166156,4.4408920985006264e-17,0.9546480688821923,estimated
IT,30,30.0,-0.018074871731114737,20,False,0.0,0.07234428261909609,0.061788809543481815,4.4408920985006264e-17,0.9546480688821923,estimated
IT,31,31.0,0.010258689204186393,20,False,0.0,0.020845659816620676,0.06712015096598223,4.4408920985006264e-17,0.9546480688821923,estimated
IT,32,32.0,0.006447742620522178,20,False,0.0,0.01597962542715592,0.048302514479894976,4.4408920985006264e-17,0.9546480688821923,estimated
IT,33,33.0,-0.0020866022828795127,20,False,0.0,0.0016499626071486695,0.04899901444896168,4.4408920985006264e-17,0.9546480688821923,estimated
IT,34,34.0,0.01811470890812967,20,False,0.0,0.1188855606346153,0.047078895130995384,4.4408920985006264e-17,0.9546480688821923,estimated
IT,35,35.0,0.016948107300335476,20,False,0.0,0.1160525200777589,0.044652979881331475,4.4408920985006264e-17,0.9546480688821923,estimated
IT,36,36.0,0.030239483176575755,20,False,0.0,0.24183266707804552,0.05111433488548097,4.4408920985006264e-17,0.9546480688821923,estimated
IT,37,37.0,0.003559633096937248,20,False,0.0,0.0027034063227553418,0.06526871158660902,4.4408920985006264e-17,0.9546480688821923,estimated
IT,38,38.0,0.018172622344844853,20,False,0.0,0.1047212806404384,0.05072505869188783,4.4408920985006264e-17,0.9546480688821923,estimated
IT,39,39.0,0.03919246412919994,20,False,0.0,0.3705845509495458,0.04876081006781211,4.4408920985006264e-17,0.9546480688821923,estimated
IT,40,40.0,0.025300944700742685,20,False,0.0,0.26900788981313306,0.03981565564652903,4.4408920985006264e-17,0.9546480688821923,estimated
IT,41,41.0,0.031488123759986116,20,False,0.0,0.33759976248862733,0.04210651089375155,4.4408920985006264e-17,0.9546480688821923,estimated
IT,42,42.0,0.055019431192838746,20,False,0.0,0.6140598910421518,0.041640313116042695,4.4408920985006264e-17,0.9546480688821923,estimated
IT,43,43.0,0.029298691132149172,20,False,0.0,0.3295212268286297,0.03989719251929709,4.4408920985006264e-17,0.9546480688821923,estimated
IT,44,44.0,0.03827562880574758,20,False,0.0,0.34212217421652036,0.05066961974598771,4.4408920985006264e-17,0.9546480688821923,estimated
IT,45,45.0,0.0430999932610285,20,False,0.0,0.5689446055285007,0.035813935809064855,4.4408920985006264e-17,0.9546480688821923,estimated
IT,46,46.0,0.041338410793171895,20,False,0.0,0.5315058223208671,0.03705059279132526,4.4408920985006264e-17,0.9546480688821923,estimated
IT,47,47.0,0.03697931135613883,20,False,0.0,0.3955177418333017,0.04364262979795891,4.4408920985006264e-17,0.9546480688821923,estimated
IT,48,48.0,0.025181846785233445,20,False,0.0,0.2556566994956925,0.041019364580180365,4.4408920985006264e-17,0.9546480688821923,estimated
IT,49,49.0,0.019533620205000927,20,False,0.0,0.15738342438977737,0.04314808658693028,4.4408920985006264e-17,0.9546480688821923,estimated
IT,50,50.0,0.02336324817568371,20,False,0.0,0.1912122679109437,0.045870758547506614,4.4408920985006264e-17,0.9546480688821923,estimated
IT,51,51.0,0.015358875611923273,20,False,0.0,0.17272993621020138,0.03208799414064096,4.4408920985006264e-17,0.9546480688821923,estimated
IT,52,52.0,0.008430700098026272,20,False,0.0,0.05594063147637307,0.03306304969712876,4.4408920985006264e-17,0.9546480688821923,estimated
IT,53,53.0,0.006545893278057699,20,False,0.0,0.05383039328943273,0.026198892874398243,4.4408920985006264e-17,0.9546480688821923,estimated
IT,54,54.0,-0.006658735007069886,20,False,0.0,0.03952520249039104,0.03133581289234429,4.4408920985006264e-17,0.9546480688821923,estimated
IT,55,55.0,-0.007383466951780047,20,False,0.0,0.05699167149468132,0.02867184899182299,4.4408920985006264e-17,0.9546480688821923,estimated
IT,56,56.0,-0.006357544446047569,20,False,0.0,0.062142042023641486,0.023578082186525996,4.4408920985006264e-17,0.9546480688821923,estimated
IT,57,57.0,-0.01768697832733739,20,False,0.0,0.2646220021001302,0.02814746465815028,4.4408920985006264e-17,0.9546480688821923,estimated
IT,58,58.0,-0.02491836799741731,20,False,0.0,0.513665532960234,0.02314675984262323,4.4408920985006264e-17,0.9546480688821923,estimated
IT,59,59.0,-0.013342691217290164,20,False,0.0,0.20563345344814854,0.02503515718019833,4.4408920985006264e-17,0.9546480688821923,estimated
IT,60,60.0,-0.01547062623274049,20,False,0.0,0.26013263513237694,0.024907532611728244,4.4408920985006264e-17,0.9546480688821923,estimated
IT,61,61.0,-0.03214767288348347,20,False,0.0,0.43268537733581103,0.035141372424695186,4.4408920985006264e-17,0.9546480688821923,estimated
IT,62,62.0,-0.02672553104528206,20,False,0.0,0.4337394035135341,0.029151665634562028,4.4408920985006264e-17,0.9546480688821923,estimated
IT,63,63.0,-0.023228165554247015,20,False,0.0,0.36186135715441725,0.029447242272419485,4.4408920985006264e-17,0.9546480688821923,estimated
IT,64,64.0,-0.01886198267866328,20,False,0.0,0.2617642915593186,0.03023938560603628,4.4408920985006264e-17,0.9546480688821923,estimated
IT,65,65.0,-0.022375203371646467,20,False,0.0,0.3725301939028218,0.027722089845111746,4.4408920985006264e-17,0.9546480688821923,estimated
IT,66,66.0,-0.018464169060760018,20,False,0.0,0.32908204735256386,0.025168404057728754,4.4408920985006264e-17,0.9546480688821923,estimated
IT,67,67.0,-0.019189574026910326,20,False,0.0,0.3165191641167725,0.026919798114130245,4.4408920985006264e-17,0.9546480688821923,estimated
IT,68,68.0,-0.01653121448440601,20,False,0.0,0.2907364968819973,0.02464915800902643,4.4408920985006264e-17,0.9546480688821923,estimated
IT,69,69.0,-0.014296704179657003,20,False,0.0,0.1621233274526247,0.031027481457747533,4.4408920985006264e-17,0.9546480688821923,estimated
IT,70,70.0,-0.011571929030223659,20,False,0.0,0.14024175974164266,0.02735259638301129,4.4408920985006264e-17,0.9546480688821923,estimated
IT,71,71.0,-0.006886958403974012,20,False,0.0,0.07413521332060513,0.023234443289464248,4.4408920985006264e-17,0.9546480688821923,estimated
IT,72,72.0,-0.002896168791214284,20,False,0.0,0.012443920358748195,0.02463028514532099,4.4408920985006264e-17,0.9546480688821923,estimated
IT,73,73.0,-0.0016371444514913566,20,False,0.0,0.004991786447855029,0.022065594505913735,4.4408920985006264e-17,0.9546480688821923,estimated
IT,74,74.0,0.0007045949651442528,20,False,0.0,0.0009833163761775454,0.021439890768970526,4.4408920985006264e-17,0.9546480688821923,estimated
IT,75,75.0,0.000370568473987709,20,False,0.0,0.0003460333390558068,0.019014181821869057,4.4408920985006264e-17,0.9546480688821923,estimated
IT,76,76.0,0.005038492888424606,20,False,0.0,0.06415440948917062,0.018370999762741806,4.4408920985006264e-17,0.9546480688821923,estimated
IT,77,77.0,0.007775996137115107,20,False,0.0,0.10138506514448153,0.022100350345678633,4.4408920985006264e-17,0.9546480688821923,estimated
IT,78,78.0,0.009940278872714576,20,False,0.0,0.1699471906448322,0.0209718978661088,4.4408920985006264e-17,0.9546480688821923,estimated
IT,79,79.0,0.012954914706751053,20,False,0.0,0.2566626480899915,0.021046965981318264,4.4408920985006264e-17,0.9546480688821923,estimated
IT,80,80.0,0.010974036936345317,20,False,0.0,0.13815639620126852,0.0261660670134916,4.4408920985006264e-17,0.9546480688821923,estimated
IT,81,81.0,0.014806651770122341,20,False,0.0,0.2509296719977636,0.02442223740280127,4.4408920985006264e-17,0.9546480688821923,estimated
IT,82,82.0,0.01789024826514346,20,False,0.0,0.2768931367826959,0.02759972862743328,4.4408920985006264e-17,0.9546480688821923,estimated
IT,83,83.0,0.018734084623436602,20,False,0.0,0.30134683860923484,0.027231606977336856,4.4408920985006264e-17,0.9546480688821923,estimated
IT,84,84.0,0.019922349749662695,20,False,0.0,0.3410637766266059,0.02643551353413823,4.4408920985006264e-17,0.9546480688821923,estimated
IT,85,85.0,0.023234561599630082,20,False,0.0,0.4505000862809748,0.024497070713906433,4.4408920985006264e-17,0.9546480688821923,estimated
