country,year,n_obs,C_tr,mean_baseline_residual,rmse_baseline_residual,mae_baseline_residual,mean_residual_after_climate,rmse_residual_after_climate,mae_residual_after_climate,rmse_change,rmse_change_pct,mae_change,mae_change_pct
ES,2004,66,-0.7933713547031221,0.06401259678320403,0.10397741261954156,0.0752032372479313,0.048636150708109505,0.09232308619035998,0.06483256126713549,-0.011654326429181586,-11.208517441980726,-0.010370675980795815,-13.79019888014341
ES,2005,66,-0.8330980643111605,0.06150288490730504,0.0933617025010377,0.06941836283282597,0.04535648967232746,0.08276457741211407,0.062116880812852965,-0.010597125088923631,-11.35061251566813,-0.007301482019973007,-10.518084440505335
ES,2006,66,0.0291193770844345,0.044331145430403174,0.07777003330887634,0.050125840679500766,0.04489551232974339,0.07835218357135923,0.05056990988504623,0.0005821502624828861,0.7485534436776974,0.0004440692055454609,0.8859087439246988
ES,2007,66,-0.960975201357014,0.045346614292290845,0.07028926705792775,0.05215386534158805,0.026721813591364954,0.051393106874421474,0.03868960162633019,-0.018896160183506275,-26.88342185718527,-0.013464263715257857,-25.8164253542322
ES,2008,66,-1.0964598163790915,0.03214350505786891,0.060118640123640876,0.043270068565679984,0.010892857249479103,0.04217704670694786,0.026436738857081,-0.01794159341669302,-29.84364479934023,-0.016833329708598983,-38.902942071948736
ES,2009,66,-0.4475597119516372,0.00812873173498006,0.04904036325228196,0.03357335836094237,-0.0005454883958745192,0.0445554705763534,0.031141672419787592,-0.00448489267592856,-9.145308840508777,-0.0024316859411547785,-7.242903480229982
ES,2010,66,-0.6366491672314835,-0.0015524889784578545,0.05307573569423,0.03779664104679923,-0.013891479453292832,0.04857991365814215,0.03247342384670599,-0.0044958220360878515,-8.470578838489098,-0.005323217200093239,-14.083836692001576
ES,2011,66,-0.7972835896304257,-0.005595799463854646,0.0478550643882273,0.03505850969666915,-0.021048069135347233,0.04727526112798563,0.0336298097186201,-0.0005798032602416722,-1.2115818203439888,-0.00142869997804905,-4.07518742356806
ES,2012,66,-0.3477692216850011,-0.002714551609206374,0.047155388437752084,0.03378910179088567,-0.0094547176766062,0.04620968686373819,0.032674848749219075,-0.0009457015740138922,-2.0055005490247937,-0.0011142530416665963,-3.2976699071863367
ES,2013,66,-0.6007157100116364,-0.017928866589424327,0.06342009969063075,0.04618393980361927,-0.02957142548280972,0.06532755219070331,0.046514889603225605,0.0019074525000725567,3.0076466441668974,0.0003309497996063365,0.7165906611986386
ES,2014,66,-0.8140141119953538,-0.006897111724202265,0.060479567759069694,0.04206492513858602,-0.0226736380926722,0.06567901160351242,0.042005574378692914,0.005199443844442722,8.597025470081997,-5.935075989310645e-05,-0.1410932260014037
ES,2015,66,0.9825283119021554,-0.016938114007764633,0.06523276452711961,0.04625008311082854,0.0021044106758628172,0.06253711568619613,0.048797778131977936,-0.0026956488409234786,-4.1323541328726,0.0025476950211493973,5.508519876698136
ES,2016,66,0.3425371924327494,-0.015887334166163024,0.06540556426438866,0.040936233388919274,-0.009248570821691948,0.06378491115836346,0.03921968446052751,-0.0016206531060252022,-2.47785203637116,-0.0017165489283917645,-4.193226357890573
ES,2017,66,0.826966560964002,-0.029493840949581237,0.05135064266224301,0.032723996406992306,-0.013466281276308709,0.03778348813166931,0.025130884966849967,-0.013567154530573701,-26.420612921655465,-0.007593111440142339,-23.203496741980693
ES,2018,66,-0.6979353566189623,-0.014135513778327327,0.06213202744640757,0.04473663965415231,-0.027662300838806907,0.07416780071246391,0.054761831374943164,0.012035773266056343,19.371286855942188,0.010025191720790853,22.40935349255797
ES,2019,66,-0.3003131680195666,-0.03032911858699408,0.06013079666874974,0.04409387710556761,-0.03614953194868096,0.06628805565676509,0.04906673408548818,0.006157258988015342,10.239776169829623,0.004972856979920573,11.277885516882035
ES,2022,66,2.327920950224724,-0.024105245249653958,0.08041874304575357,0.0581375260954182,0.021012530614093687,0.05784824487353222,0.04101517294316458,-0.02257049817222135,-28.06621605535423,-0.017122353152253626,-29.451465004120692
ES,2023,66,1.2835362490354083,-0.00046231411398103893,0.08765696232870258,0.06927148761622225,0.02441408935297715,0.08368513579567298,0.06365233827688131,-0.003971826533029604,-4.531102182318108,-0.005619149339340934,-8.111778067293912
ES,2024,66,1.1216824305605424,-0.04262792472112528,0.0611333808424176,0.045404429403871766,-0.020888433744230706,0.03986013072836442,0.02988925040303713,-0.021273250114053184,-34.79809200948472,-0.015515179000834635,-34.17106922064219
ES,2025,66,1.411853401690438,-0.04679725426731477,0.06731868072741656,0.05001161826072435,-0.0194339173276349,0.04262089507351872,0.03248321624036256,-0.024697785653897845,-36.68786343853482,-0.017528402020361794,-35.04865995133651
FR,2004,66,-0.82289502973569,-0.05515328389843807,0.07138442956530551,0.05596211430941949,-0.04307384247904025,0.059476423194915966,0.04654533009875428,-0.011908006370389544,-16.681517864474344,-0.009416784210665212,-16.827070111395322
FR,2005,66,-0.1334079590928178,-0.04590521496073329,0.0677353051560269,0.05075906116915772,-0.043946892734311876,0.06531855441773268,0.0486672789801138,-0.0024167507382942127,-3.56793363922592,-0.0020917821890439198,-4.121002518295061
FR,2006,66,0.4106559983265795,-0.041678388383976674,0.06398104451913045,0.047682649451468856,-0.047706490263390786,0.0725891324387416,0.05574658654381943,0.008608087919611151,13.454122208081985,0.008063937092350572,16.911680003347975
FR,2007,66,-1.264213456897575,-0.04248900651672758,0.058788323382127056,0.04563218779901811,-0.0239313632665142,0.03560518280091663,0.02724068093279338,-0.023183140581210425,-39.434940898924516,-0.018391506866224733,-40.30380254224951
FR,2008,66,-1.1075799904794972,-0.0235528647811819,0.04290247077300239,0.03268895329313016,-0.007294475644244791,0.02714046394210074,0.0196332788536574,-0.015762006830901648,-36.73915871721855,-0.01305567443947276,-39.93910212541591
FR,2009,66,-0.3903757908117583,-0.00778675366513564,0.03692183263413617,0.029115851614290585,-0.002056349025097486,0.03236201997105656,0.025471441385951973,-0.0045598126630796085,-12.349908814829043,-0.0036444102283386126,-12.516928155211062
FR,2010,66,-1.0028803721504842,0.012747986997878795,0.03643408012974506,0.028810953623599717,0.027469469408517112,0.04046966786293798,0.03026306820466476,0.004035587733192916,11.076409007231204,0.0014521145810650442,5.040147577328311
FR,2011,66,-0.7233790471488102,0.002557600467328127,0.036156140468058914,0.029375030079270923,0.01317622679061565,0.03695903386424014,0.02709442522217591,0.0008028933961812257,2.2206280476493845,-0.0022806048570950116,-7.763753265751942
FR,2012,66,-0.5818382976357359,0.004563984608224274,0.03861993405107792,0.03007424755571051,0.013104905841046005,0.033876906437838965,0.027090442826792262,-0.0047430276132389565,-12.281293921853742,-0.0029838047289182483,-9.921460955559908
FR,2013,66,-0.2188878859874988,0.021041328735115532,0.03567020213799018,0.02940109721766869,0.02425442797700921,0.036181037913620685,0.03000272545533763,0.0005108357756305054,1.4321078800011762,0.00060162823766894,2.0462781821196434
FR,2014,66,-1.0279440452071928,0.009644562998928073,0.03975833629625182,0.027921741080103583,0.024733960100387524,0.048180748521305876,0.03335075651531976,0.008422412225054056,21.184015755327444,0.005429015435216178,19.443685190121524
FR,2015,66,0.5049054990315408,0.01414793409583458,0.04064523056219262,0.028098883334228737,0.006736324865624158,0.040631451469413854,0.029269943016458043,-1.3779092778769264e-05,-0.03390088477339405,0.0011710596822293064,4.167637796491281
FR,2016,66,-0.0706258092878385,0.017825620303011564,0.03524671197404967,0.029047288104450314,0.018862350742693552,0.03587243010700557,0.02955888751559731,0.0006257181329559006,1.7752524928185769,0.0005115994111469964,1.7612639407415613
FR,2017,66,-0.1429556351528915,-0.00891687630699354,0.03170323408483388,0.025627549622646552,-0.006818401826042054,0.03211629988735694,0.02617663713504964,0.0004130658025230591,1.3029137703041487,0.0005490875124030889,2.142567356177788
FR,2018,66,0.8348579122191194,0.007408086771929634,0.03832008415959067,0.027932083233395803,-0.004846960202179266,0.033391737649738185,0.0237876375004806,-0.004928346509852487,-12.861001268492858,-0.004144445732915204,-14.837581924287246
FR,2019,66,0.5021670522179476,0.016885660514659367,0.047059594094068305,0.03380030451385034,0.009514249495240863,0.03919922726006613,0.02654549901319238,-0.007860366834002173,-16.703006018900076,-0.007254805500657959,-21.463728226723994
FR,2022,66,1.816053803360528,0.0015246889905385658,0.054772978028615756,0.045792947499658954,-0.025133529542163156,0.040276604064656406,0.030422869263242273,-0.01449637396395935,-26.46628773112505,-0.01537007823641668,-33.56429117503552
FR,2023,66,1.2804454955660556,0.03559895380459158,0.07759068526586296,0.06350028805475105,0.016803037198569626,0.047646706149532675,0.036828238888002365,-0.029943979116330288,-38.592234381907865,-0.026672049166748688,-42.003036496073186
FR,2024,66,0.2024904633266138,0.03882414405917852,0.05341612023938729,0.04078078191693752,0.03585174587793517,0.048645290563434314,0.03718400775916814,-0.004770829675952978,-8.931441771832626,-0.003596774157769378,-8.819777328191753
FR,2025,66,1.9354070955394047,0.0427118361659679,0.058645904348002945,0.04476129380639737,0.014301606685344805,0.029296146612808063,0.024088318904799635,-0.02934975773519488,-50.04570747350803,-0.020672974901597738,-46.18493600969843
IT,2004,66,-1.2207825033263722,-0.016043177867331917,0.05902147235404623,0.049480379265960495,-0.012058331429465531,0.04335103674188509,0.03398865802736945,-0.015670435612161138,-26.5503976555523,-0.015491721238591043,-31.308816683319986
IT,2005,66,-1.055265486894248,-0.015796407018129514,0.060374279216593905,0.04738943159088622,-0.012351836912483379,0.04276858504458762,0.03212045378615835,-0.017605694172006282,-29.160918193069456,-0.01526897780472787,-32.220217234393566
IT,2006,66,-0.383302798656411,-0.008243024012829137,0.04640008187250171,0.038122168746236515,-0.00699185700503834,0.040988067419929816,0.032544315314115016,-0.005412014452571896,-11.66380367052594,-0.005577853432121499,-14.631521803628116
IT,2007,66,-0.3892501194353856,-0.007737680830277348,0.04104770813399938,0.03197710090661532,-0.006467100732967025,0.03614074207720954,0.02745818276027273,-0.004906966056789842,-11.954299715762824,-0.004518918146342588,-14.131731827533272
IT,2008,66,-0.8745605001166931,-0.010724305393486403,0.047550577893991815,0.03298552489317401,-0.007869587797114573,0.04067502460283388,0.02567697338607102,-0.0068755532911579376,-14.459452641114353,-0.007308551507102988,-22.156844648591335
IT,2009,66,-0.3051324385809503,-0.0021721144137283378,0.04599785624005952,0.030740406463284266,-0.001176109058438842,0.04341125542186654,0.028645205725304584,-0.00258660081819298,-5.623307322614549,-0.0020952007379796828,-6.815787359487745
IT,2010,66,-0.9687788791065958,-0.006835982641377102,0.035344847016807394,0.02421258110531045,-0.0036737198673209175,0.03728850606210658,0.027782190449116652,0.0019436590452991884,5.499129885538698,0.0035696093438062,14.742787347951483
IT,2011,66,-0.4279851442649627,0.001605528940315426,0.044600830189554026,0.03020531896081379,0.0030025468963698135,0.04238239117877147,0.028326656339627842,-0.002218439010782558,-4.973985913163875,-0.0018786626211859496,-6.219641724767719
IT,2012,66,0.5885154169236353,0.010892725614315984,0.04386102817946907,0.033251720672264166,0.008971708925128859,0.043229549212338125,0.033487305481718965,-0.0006314789671309426,-1.4397267764610495,0.00023558480945479882,0.7084890787360191
IT,2013,66,-0.4528531598686005,0.010101666551323283,0.04404298965002002,0.02891805749795896,0.011579858035934107,0.045665866607748504,0.030539984736625454,0.0016228769577284821,3.684756576754649,0.001621927238666495,5.608700511024888
IT,2014,66,-1.0165270703512272,0.004920629733529079,0.038210457667123714,0.027534365786538128,0.008238750909288507,0.046474985923061186,0.034829242368303946,0.008264528255937473,21.628969555756658,0.007294876581765818,26.493715665433513
IT,2015,66,0.7440621923207003,0.023921290811747133,0.04735895914310297,0.0399168786016512,0.021492542391335412,0.042941029029431636,0.0377934358698608,-0.004417930113671337,-9.328604753161542,-0.0021234427317903953,-5.319661271566853
IT,2016,66,-0.9123130339337624,0.008282319111917898,0.03412692968774134,0.02446873887477722,0.011260267545471183,0.04524753504271032,0.03453629307178542,0.011120605354968977,32.586011858440294,0.0100675541970082,41.14455693254384
IT,2017,66,0.3869477270915699,0.036271197588614815,0.05873979009962337,0.04083204367453616,0.035008132900400564,0.05788569573465193,0.0385250124170377,-0.0008540943649714416,-1.454030331948561,-0.002307031257498461,-5.650050915617483
IT,2018,66,0.043581375195179,0.00433194225762623,0.041839936440883435,0.030068061648311314,0.004189685068298379,0.041571597077011004,0.029771904194421647,-0.00026833936387243157,-0.6413474462409238,-0.0002961574538896672,-0.9849569199160533
IT,2019,66,0.2908674134920231,0.006042274612214696,0.037964113793666134,0.029107381751820264,0.005092832780121837,0.035509691667957026,0.026825456954259246,-0.0024544221257091076,-6.465111075814442,-0.0022819247975610184,-7.839677292232977
IT,2022,66,1.5729396684908017,0.01924478030476959,0.04724772748588617,0.037022818280863845,0.014110431624406342,0.04224046452424638,0.03404245001904624,-0.005007262961639787,-10.597891640683788,-0.0029803682618176064,-8.050084786111713
IT,2023,66,0.9241610625066964,-0.059807182146953825,0.07067390249717838,0.05994933612207821,-0.06282380460665506,0.06733651188605326,0.06282380460665506,-0.0033373906111251184,-4.7222390347814205,0.002874468484576849,4.794829551946008
IT,2024,66,2.3755533619095246,0.000887683593750324,0.04402509704635654,0.03763080442902585,-0.0068665357912533614,0.015302883472902866,0.012068922237226052,-0.028722213573453677,-65.24054573510745,-0.0255618821917998,-67.92807801919615
IT,2025,66,1.0801229166050783,0.0008578352039892264,0.048553493765011224,0.04153889687689513,-0.00266787387601788,0.027157072638569445,0.023857972789412554,-0.02139642112644178,-44.06772709291733,-0.017680924087482577,-42.56474152378636
