country,year,mean_C_tr,mean_climate_component,mean_relative_mx_impact,mean_relative_mx_impact_pct,median_relative_mx_impact_pct,min_relative_mx_impact_pct,max_relative_mx_impact_pct,mean_absolute_mx_impact
ES,2030,3.3356493148354733,0.0037730505583545115,0.0038322361683095184,0.38322361683095185,0.0,0.0,6.191311255592735,1.4874985808056077e-05
ES,2031,3.1768723982451736,0.0035934533413657745,0.003647102663761764,0.3647102663761764,0.0,0.0,5.888098101043182,1.399560953305443e-05
ES,2032,3.509483966110703,0.003969680019712537,0.004035243240019309,0.4035243240019309,0.0,0.0,6.524275635659915,1.5296514500985877e-05
ES,2033,3.4856777973581137,0.003942752165544909,0.004007422427163629,0.4007422427163629,0.0,0.0,6.478615471874449,1.501535776720639e-05
ES,2034,4.777604081491072,0.005404087793969972,0.005526245890606903,0.5526245890606903,0.0,0.0,8.985040003793433,2.042061051299473e-05
ES,2035,1.3399618528623516,0.0015156700659839624,0.0015251411105187366,0.15251411105187365,0.0,0.0,2.4425053810372965,5.6032546072641154e-06
ES,2036,5.565286479249426,0.006295058405733687,0.0064613721026293685,0.6461372102629369,0.0,0.0,10.542060988445169,2.329423996825416e-05
ES,2037,3.0401353448249377,0.0034387860586090383,0.0034878881901351986,0.3487888190135199,0.0,0.0,5.6276679830368215,1.2483196481258884e-05
ES,2038,4.222654144441529,0.00477636767946901,0.004871571180812481,0.48715711808124823,0.0,0.0,7.901250953281136,1.7198829679247326e-05
ES,2039,2.904966961119253,0.0032858931440738165,0.003330700538815376,0.3330700538815376,0.0,0.0,5.37085511127704,1.1649398909503892e-05
ES,2040,3.4122499895695406,0.00385969582327798,0.003921650959714152,0.3921650959714152,0.0,0.0,6.3379043901411025,1.3546163060484947e-05
ES,2041,3.439249019301851,0.0038902352159393898,0.0039531818238555585,0.3953181823855559,0.0,0.0,6.389621506717114,1.3496932701790946e-05
ES,2042,3.9213972861314317,0.004435607230701301,0.0045176066214535305,0.45176066214535304,0.0,0.0,7.3174318358075086,1.5233518831201925e-05
ES,2043,6.185846348680264,0.006996991834836953,0.0072030059760255965,0.7203005976025597,0.0,0.0,11.784378898204405,2.391446977990339e-05
ES,2044,4.701668919269364,0.00531819530972557,0.005436463062736364,0.5436463062736364,0.0,0.0,8.836102059989482,1.788793551329382e-05
ES,2045,4.161730793855499,0.004707455494688942,0.004799907853337265,0.4799907853337265,0.0,0.0,7.7829292278418505,1.56263792882972e-05
ES,2046,4.948003763161143,0.005596831860682634,0.005727953861695855,0.5727953861695856,0.0,0.0,9.320001331204919,1.840812416189673e-05
ES,2047,5.121837052094335,0.005793459781055711,0.005934060364565796,0.5934060364565796,0.0,0.0,9.662773073364384,1.8845663360898337e-05
ES,2048,3.5502614490107827,0.004015804623980785,0.0040829118271995535,0.40829118271995535,0.0,0.0,6.602532229428082,1.2852851878676451e-05
ES,2049,2.308674310626205,0.0026114090764953707,0.002639638589345858,0.2639638589345858,0.0,0.0,4.245362550126863,8.23171268051255e-06
ES,2050,2.4320554423640237,0.002750969085373807,0.0027823127803641525,0.2782312780364153,0.0,0.0,4.477251760819212,8.57533838772491e-06
ES,2051,4.280968313199963,0.004842328542325735,0.0049402038234636104,0.494020382346361,0.0,0.0,8.014626944094339,1.5003664957021754e-05
ES,2052,3.3621413263603674,0.003803016447883539,0.003863152622294187,0.3863152622294187,0.0,0.0,6.241986982226777,1.1616712819088654e-05
ES,2053,4.9717933202879125,0.005623740924954155,0.005756140152744094,0.5756140152744094,0.0,0.0,9.366847219906482,1.7063086676420364e-05
ES,2054,4.196038658674471,0.004746262124611176,0.00484025868966843,0.48402586896684296,0.0,0.0,7.84954396307096,1.4203164816934155e-05
ES,2055,5.279599019066152,0.00597190895882831,0.0061214044639713115,0.6121404463971312,0.0,0.0,9.974784926087565,1.772358291315888e-05
ES,2056,5.32634413169416,0.006024783723725516,0.006176968373569954,0.6176968373569954,0.0,0.0,10.067404890290721,1.7678627906200737e-05
ES,2057,3.878576467702012,0.0043871713498172555,0.004467375178471733,0.4467375178471733,0.0,0.0,7.234704269086412,1.2671690685520653e-05
ES,2058,2.985667140263355,0.0033771754784081686,0.003424523044043655,0.34245230440436547,0.0,0.0,5.5241060316322255,9.617636085488858e-06
ES,2059,5.81017578130102,0.00657205986201129,0.006753520902936841,0.675352090293684,0.0,0.0,11.030654680497554,1.8658442088737922e-05
ES,2060,5.413583793938718,0.006123463058773877,0.006280731993080752,0.6280731993080751,0.0,0.0,10.240468744166975,1.7166333553780965e-05
FR,2030,1.869825023095513,0.0357950261685509,0.03699660347493142,3.6996603474931415,3.3077561295534186,0.0,12.374306321130613,0.00015033656011756945
FR,2031,1.7663238593921933,0.033813649934157364,0.034884380790997746,3.488438079099775,3.1218327598240614,0.0,11.650952413816174,0.0001396329327895307
FR,2032,1.970880217360995,0.03772957794666996,0.039066378109422525,3.9066378109422524,3.489609122351578,0.0,13.085087071122459,0.00015375847377624367
FR,2033,2.5337370626119395,0.048504637246898616,0.05073101940641196,5.0731019406411955,4.508365917273515,0.0,17.127043663243093,0.00019591839937217197
FR,2034,1.583935690807518,0.030322099020738538,0.031180995662059063,3.118099566205906,2.7950154169373964,0.0,10.38758273392193,0.00011921648777334813
FR,2035,-0.5366591801064159,-0.010273543865457712,-0.01017771380156642,-1.017771380156642,-0.929648653552595,-3.2929716117121255,0.0,-3.878077451464326e-05
FR,2036,2.8379059062815783,0.05432749852232847,0.05713215247713349,5.713215247713349,5.063071773111972,0.0,19.37113022127004,0.00021017018873259563
FR,2037,0.2308650717739958,0.004419569309150505,0.004437486456051825,0.44374864560518246,0.4026038054238845,0.0,1.4508750146105864,1.631885594606401e-05
FR,2038,4.994053317969188,0.0956037420591917,0.1045519322541265,10.45519322541265,9.080513092185926,0.0,36.56042664565724,0.00036798154259729866
FR,2039,2.1782796967944247,0.0416999333018321,0.04333749873194855,4.333749873194856,3.8638363423987965,0.0,14.55796284173545,0.0001527595456638756
FR,2040,2.067799254777348,0.03958494913793031,0.04105839815649163,4.105839815649162,3.66431965535865,0.0,13.770998950093771,0.00014259299988223786
FR,2041,1.5617100867211715,0.02989662280234589,0.03073133335844083,3.0731333358440827,2.7552607110703065,0.0,10.23461042481113,0.00010540163434880702
FR,2042,4.162689287635892,0.0796885110328647,0.08583399879065352,8.583399879065352,7.51359141848228,0.0,29.657375657933404,0.00028539704026877644
FR,2043,3.688073630140536,0.07060269836579225,0.07539515008861583,7.539515008861582,6.6291685356631,0.0,25.87412692479194,0.0002475595207810599
FR,2044,2.900997022908576,0.05553528435403574,0.058468562260762934,5.8468562260762935,5.178497790516445,0.0,19.841958687985105,0.00018994155306235218
FR,2045,3.383513856818257,0.0647723533221095,0.0687890775993029,6.878907759930289,6.065472419772256,0.0,23.504776464248845,0.00021941398032630509
FR,2046,3.555706643019639,0.06806872876472188,0.07251522316611199,7.251522316611199,6.383809232896498,0.0,24.83883192086951,0.0002275294268471815
FR,2047,2.428984548597929,0.04649930576719392,0.04854247828430124,4.8542478284301245,4.318009893361763,0.0,16.364010742748157,0.0001510062784945998
FR,2048,0.9955594430265147,0.01905850861728559,0.019395134619087748,1.9395134619087746,1.7477605527337348,0.0,6.408635459164591,5.991908142888224e-05
FR,2049,0.0822692191937664,0.0015749221544976047,0.00157719287525502,0.157719287525502,0.14328317167386917,0.0,0.5146270397889507,4.8238305308545435e-06
FR,2050,0.6883521782072958,0.013177481276466237,0.013337746385331133,1.3337746385331133,1.2052068369316604,0.0,4.388442319735986,4.0033388203674286e-05
FR,2051,3.7794832713671664,0.07235260034022846,0.0773919138359345,7.73919138359345,6.798938361065154,0.0,26.594085739505612,0.00022460182260240893
FR,2052,1.8411007225261815,0.03524514204685359,0.036409631329249216,3.6409631329249215,3.2561239145705967,0.0,12.173088015917832,0.00010528092567188952
FR,2053,3.146396310013909,0.06023308965409371,0.06369525177050828,6.369525177050828,5.628666140433336,0.0,21.691020250276004,0.00017998137474525787
FR,2054,2.720823004035962,0.0520861200521476,0.05465999756601651,5.465999756601651,4.8492026389076015,0.0,18.50227471532804,0.00015250413961949506
FR,2055,3.6829556944506816,0.07050472307950369,0.07528354562464869,7.528354562464869,6.6196712724013835,0.0,25.833938399239265,0.0002056714736493672
FR,2056,3.8599010664346376,0.0738920797264289,0.07915396388791958,7.915396388791957,6.948517153733058,0.0,27.230874953066063,0.00021275131991036996
FR,2057,0.6348681429817581,0.012153608766016883,0.012289838697894444,1.2289838697894444,1.1110456789139023,0.0,4.0406721980494,3.3165618136261894e-05
FR,2058,0.9032877204121696,0.01729210337358539,0.0175688775937665,1.7568877593766499,1.5844960730641677,0.0,5.797783366634102,4.662505690594178e-05
FR,2059,3.45540106678024,0.06614852731164854,0.07034189324064719,7.034189324064718,6.198255985714796,0.0,24.059976945400052,0.00018109755073195195
FR,2060,4.520379565087179,0.08653596075861962,0.09381901812881915,9.381901812881916,8.184973868888068,0.0,32.583546607416444,0.0002363631037838681
IT,2030,2.495873296736202,0.026646534441644547,0.02761115235298683,2.761115235298683,1.0789409873283917,0.0,14.719694644744852,0.00025537732544965474
IT,2031,2.1346002813848566,0.022789498165410097,0.02349208868563033,2.349208868563033,0.922027396366687,0.0,12.461920431703998,0.0002141520214131334
IT,2032,1.6346362833749382,0.0174517641105705,0.017861375915106146,1.7861375915106146,0.7052890128864786,0.0,9.410508869047174,0.00016058714585573308
IT,2033,2.796965534256325,0.02986106648046373,0.03107675700169525,3.107675700169525,1.2099078431385357,0.0,16.635960883715395,0.00027333161137017766
IT,2034,4.285348631878761,0.04575139694115685,0.04865597060022406,4.865597060022406,1.8598847571188903,0.0,26.58925470715563,0.0004179085240164513
IT,2035,1.1530699202280763,0.012310447562847273,0.012513125127770528,1.2513125127770528,0.49697923514986364,0.0,6.549688723152158,0.0001073995942927985
IT,2036,3.644389684961992,0.038908367418371316,0.04099309352762559,4.099309352762559,1.5794527220215349,0.0,22.202857895765725,0.0003419489722960297
IT,2037,4.767634925157617,0.05090039963347839,0.05451631827910069,5.451631827910068,2.0714198455572985,0.0,29.9932788162264,0.00044488410352681965
IT,2038,5.510431749202038,0.0588306744518863,0.06370436241668925,6.370436241668925,2.3981023058901374,0.0,35.41593020246121,0.0005095381591499125
IT,2039,4.584573397715322,0.048945991409988045,0.052282248058416116,5.228224805841611,1.991074214969113,0.0,28.690565604941987,0.0004134278505916051
IT,2040,3.851363765529417,0.04111807172250391,0.043452043691296564,4.345204369129657,1.6699209162415962,0.0,23.602408327517587,0.000339345404743397
IT,2041,3.7811376342905216,0.04036832091295452,0.04261607727827267,4.2616077278272675,1.6392158397210088,0.0,23.12575456111128,0.0003275877060299302
IT,2042,2.063712368906586,0.022032682022612052,0.02268883767876432,2.268883767876432,0.8912677244337641,0.0,12.024149285240249,0.00017308264999051393
IT,2043,2.8572831000607963,0.03050503109867844,0.03177462262854332,3.177462262854332,1.2361653264967742,0.0,17.02367642246103,0.00023757155398155383
IT,2044,2.859185427227394,0.03052534079405853,0.03179665193285974,3.1796651932859747,1.2369935629165885,0.0,17.035925341719825,0.00023392171473875296
IT,2045,2.2643530086653723,0.02417476901265175,0.02496657364967838,2.496657364967838,0.9783546927019326,0.0,13.267649822760763,0.0001812633069288072
IT,2046,4.775249337091543,0.05098169289869162,0.05460950146773584,5.460950146773584,2.0747632191588705,0.0,30.047749689434887,0.0003852247992880704
IT,2047,4.04045086812966,0.0431368104134851,0.04571136875344195,4.571136875344195,1.752643237495577,0.0,24.89501376475216,0.0003184873338309274
IT,2048,3.9800018947493676,0.0424914428568682,0.04498774579467443,4.498774579467443,1.7261903294498504,0.0,24.480319410306507,0.000308523918201317
IT,2049,2.620547377369998,0.027977584454452926,0.029042538572200818,2.904253857220082,1.1331496099655447,0.0,15.509319163459413,0.0001973277373111642
IT,2050,3.9371446244148633,0.04203388848840863,0.04447547496854227,4.447547496854227,1.7074399673648544,0.0,24.187142767135583,0.0002953975452251135
IT,2051,4.407943101948051,0.047060244539041056,0.05013788046415773,5.0137880464157725,1.913612970363332,0.0,27.44599524815905,0.00032689956484494313
IT,2052,3.6588612303116506,0.0390628690639828,0.04116454534008784,4.116454534008783,1.5857755264514939,0.0,22.30019653628745,0.000265113925880329
IT,2053,4.552768215210977,0.04860643174879328,0.051895308349313676,5.189530834931368,1.9771215736716807,0.0,28.465566512350126,0.0003273951740402369
IT,2054,3.774825883732602,0.04030093516911543,0.04254102565243023,4.2541025652430235,1.6364566112159418,0.0,23.08300423597942,0.0002651475455425827
IT,2055,3.503224955380588,0.03740125933173277,0.039324389245927925,3.932438924592792,1.5177972832594588,0.0,21.257408668761336,0.00024152087774207307
IT,2056,4.152606288438156,0.044334208243725734,0.04705731408467932,4.705731408467932,1.8017420221249303,0.0,25.668089619232926,0.0002834735024654574
IT,2057,4.16369999026402,0.044452647231864595,0.04719068388750454,4.719068388750454,1.8065998875321343,0.0,25.74481695968991,0.00027973154744927626
IT,2058,4.14045077183339,0.04420443306952581,0.046911228152471944,4.691122815247195,1.7964194684092494,0.0,25.584072204774678,0.00027367879921336093
IT,2059,4.266570529079909,0.04555091746824745,0.04842944703067723,4.842944703067722,1.8516576476803714,0.0,26.458535223786605,0.00027785978657925175
IT,2060,4.856649627661132,0.05185074167975708,0.05560694587517427,5.560694587517427,2.1105119068511535,0.0,30.631487427805414,0.00031301477924214165
