country,age,age_num,mean_C_tr,mean_climate_component,mean_relative_mx_impact,mean_relative_mx_impact_pct,median_relative_mx_impact_pct,min_relative_mx_impact_pct,max_relative_mx_impact_pct,mean_absolute_mx_impact,lambda_xr
ES,20,20.0,4.033746924744858,0.0,0.0,0.0,0.0,0.0,0.0,0.0,0.0
ES,21,21.0,4.033746924744858,0.038434358607219485,0.03924140025309401,3.9241400253094003,3.807067331350078,1.2849279818941017,6.071159432324924,4.031793796715851e-06,0.0095282027663772
ES,22,22.0,4.033746924744858,0.0,0.0,0.0,0.0,0.0,0.0,0.0,0.0
ES,23,23.0,4.033746924744858,0.029708882138756897,0.03018947606796133,3.018947606796133,2.930253016714568,0.9917789165161173,4.661303938207917,3.215074265546727e-06,0.0073650833066668
ES,24,24.0,4.033746924744858,0.07264422729585586,0.07556551561282134,7.556551561282133,7.3174318358075086,2.4425053810372965,11.784378898204405,8.689185289677101e-06,0.0180091187303355
ES,25,25.0,4.033746924744858,0.0,0.0,0.0,0.0,0.0,0.0,0.0,0.0
ES,26,26.0,4.033746924744858,0.0,0.0,0.0,0.0,0.0,0.0,0.0,0.0
ES,27,27.0,4.033746924744858,0.0,0.0,0.0,0.0,0.0,0.0,0.0,0.0
ES,28,28.0,4.033746924744858,0.0,0.0,0.0,0.0,0.0,0.0,0.0,0.0
ES,29,29.0,4.033746924744858,0.0,0.0,0.0,0.0,0.0,0.0,0.0,0.0
ES,30,30.0,4.033746924744858,0.0,0.0,0.0,0.0,0.0,0.0,0.0,0.0
ES,31,31.0,4.033746924744858,0.0,0.0,0.0,0.0,0.0,0.0,0.0,0.0
ES,32,32.0,4.033746924744858,0.0,0.0,0.0,0.0,0.0,0.0,0.0,0.0
ES,33,33.0,4.033746924744858,0.0,0.0,0.0,0.0,0.0,0.0,0.0,0.0
ES,34,34.0,4.033746924744858,0.0,0.0,0.0,0.0,0.0,0.0,0.0,0.0
ES,35,35.0,4.033746924744858,0.0,0.0,0.0,0.0,0.0,0.0,0.0,0.0
ES,36,36.0,4.033746924744858,0.0,0.0,0.0,0.0,0.0,0.0,0.0,0.0
ES,37,37.0,4.033746924744858,0.0,0.0,0.0,0.0,0.0,0.0,0.0,0.0
ES,38,38.0,4.033746924744858,0.0,0.0,0.0,0.0,0.0,0.0,0.0,0.0
ES,39,39.0,4.033746924744858,0.0,0.0,0.0,0.0,0.0,0.0,0.0,0.0
ES,40,40.0,4.033746924744858,0.0,0.0,0.0,0.0,0.0,0.0,0.0,0.0
ES,41,41.0,4.033746924744858,0.0,0.0,0.0,0.0,0.0,0.0,0.0,0.0
ES,42,42.0,4.033746924744858,0.0,0.0,0.0,0.0,0.0,0.0,0.0,0.0
ES,43,43.0,4.033746924744858,0.0,0.0,0.0,0.0,0.0,0.0,0.0,0.0
ES,44,44.0,4.033746924744858,0.0,0.0,0.0,0.0,0.0,0.0,0.0,0.0
ES,45,45.0,4.033746924744858,0.0,0.0,0.0,0.0,0.0,0.0,0.0,0.0
ES,46,46.0,4.033746924744858,0.0,0.0,0.0,0.0,0.0,0.0,0.0,0.0
ES,47,47.0,4.033746924744858,0.0,0.0,0.0,0.0,0.0,0.0,0.0,0.0
ES,48,48.0,4.033746924744858,0.0,0.0,0.0,0.0,0.0,0.0,0.0,0.0
ES,49,49.0,4.033746924744858,0.0,0.0,0.0,0.0,0.0,0.0,0.0,0.0
ES,50,50.0,4.033746924744858,0.0,0.0,0.0,0.0,0.0,0.0,0.0,0.0
ES,51,51.0,4.033746924744858,0.0,0.0,0.0,0.0,0.0,0.0,0.0,0.0
ES,52,52.0,4.033746924744858,0.0,0.0,0.0,0.0,0.0,0.0,0.0,0.0
ES,53,53.0,4.033746924744858,0.0,0.0,0.0,0.0,0.0,0.0,0.0,0.0
ES,54,54.0,4.033746924744858,0.0,0.0,0.0,0.0,0.0,0.0,0.0,0.0
ES,55,55.0,4.033746924744858,0.0,0.0,0.0,0.0,0.0,0.0,0.0,0.0
ES,56,56.0,4.033746924744858,0.0,0.0,0.0,0.0,0.0,0.0,0.0,0.0
ES,57,57.0,4.033746924744858,0.006681371674772313,0.006705466329030269,0.670546632903027,0.6516419334941181,0.22219355627959292,1.0298711964140006,2.0496364575528006e-05,0.0016563685822196
ES,58,58.0,4.033746924744858,0.0,0.0,0.0,0.0,0.0,0.0,0.0,0.0
ES,59,59.0,4.033746924744858,0.008684355081540461,0.008725092712331404,0.8725092712331405,0.8478212914208694,0.2889002680804609,1.3406739063645867,3.276201770757058e-05,0.0021529251198846
ES,60,60.0,4.033746924744858,0.000677926585948731,0.0006781740789808067,0.06781740789808068,0.06592619033953806,0.022522435684413367,0.1040157047995871,2.7973064039189993e-06,0.0001680637379083
ES,61,61.0,4.033746924744858,0.0039372599858159205,0.003945618404554892,0.3945618404554892,0.3834932349779052,0.13087657482264703,0.6056146092114689,1.7949731027461398e-05,0.0009760800712764
ES,62,62.0,4.033746924744858,0.01470805281002535,0.014825171943873436,1.4825171943873434,1.4401108895478965,0.48977920946777775,2.281143757193327,7.524924840169605e-05,0.0036462507649648
ES,63,63.0,4.033746924744858,0.023017925346021182,0.023305683204598967,2.3305683204598973,2.2629059243187033,0.7675583317064083,3.5928921744287745,0.00012871977073467827,0.0057063384925858
ES,64,64.0,4.033746924744858,0.020479982781132958,0.020707562255377662,2.0707562255377665,2.010908287351998,0.6826396479312269,3.190492735229644,0.00012159124004507681,0.0050771610522959
ES,65,65.0,4.033746924744858,0.03970541634127649,0.040567139530189235,4.056713953018924,3.9354164063004182,1.3277025445517676,6.278114662356127,0.00025573851054842443,0.0098433087355345
ES,66,66.0,4.033746924744858,0.0,0.0,0.0,0.0,0.0,0.0,0.0,0.0
ES,67,67.0,4.033746924744858,0.015208430230037536,0.015333677750495501,1.53336777504955,1.4894674911301253,0.5064839401214716,2.359658352573746,0.000111769951927877,0.0037702985620496
ES,68,68.0,4.033746924744858,0.02223789205412394,0.022506397240771397,2.2506397240771396,2.185388593329085,0.7414510655825213,3.469048493323479,0.00017138982017747735,0.00551296163815
ES,69,69.0,4.033746924744858,0.005011405928775121,0.005024952599871225,0.5024952599871224,0.48837127551049075,0.16661147574785762,0.771471581136951,4.167630685256958e-05,0.001242369940968
ES,70,70.0,4.033746924744858,0.0,0.0,0.0,0.0,0.0,0.0,0.0,0.0
ES,71,71.0,4.033746924744858,0.0,0.0,0.0,0.0,0.0,0.0,0.0,0.0
ES,72,72.0,4.033746924744858,0.0,0.0,0.0,0.0,0.0,0.0,0.0,0.0
ES,73,73.0,4.033746924744858,0.0,0.0,0.0,0.0,0.0,0.0,0.0,0.0
ES,74,74.0,4.033746924744858,0.0,0.0,0.0,0.0,0.0,0.0,0.0,0.0
ES,75,75.0,4.033746924744858,0.0,0.0,0.0,0.0,0.0,0.0,0.0,0.0
ES,76,76.0,4.033746924744858,0.0,0.0,0.0,0.0,0.0,0.0,0.0,0.0
ES,77,77.0,4.033746924744858,0.0,0.0,0.0,0.0,0.0,0.0,0.0,0.0
ES,78,78.0,4.033746924744858,0.0,0.0,0.0,0.0,0.0,0.0,0.0,0.0
ES,79,79.0,4.033746924744858,0.0,0.0,0.0,0.0,0.0,0.0,0.0,0.0
ES,80,80.0,4.033746924744858,0.0,0.0,0.0,0.0,0.0,0.0,0.0,0.0
ES,81,81.0,4.033746924744858,0.0,0.0,0.0,0.0,0.0,0.0,0.0,0.0
ES,82,82.0,4.033746924744858,0.0,0.0,0.0,0.0,0.0,0.0,0.0,0.0
ES,83,83.0,4.033746924744858,0.0,0.0,0.0,0.0,0.0,0.0,0.0,0.0
ES,84,84.0,4.033746924744858,0.0,0.0,0.0,0.0,0.0,0.0,0.0,0.0
ES,85,85.0,4.033746924744858,0.0,0.0,0.0,0.0,0.0,0.0,0.0,0.0
FR,20,20.0,2.370625754874766,0.10739311589122176,0.11549722074210882,11.54972207421088,11.631921949849012,-2.4018369665133488,25.387474849469484,1.5393479346373216e-05,0.0453015899580046
FR,21,21.0,2.370625754874766,0.12479619342735093,0.13583686297235306,13.583686297235307,13.640339580071338,-2.7855866692342857,30.06973741088035,2.1586519876868117e-05,0.0526427223574746
FR,22,22.0,2.370625754874766,0.08067236182278575,0.08518410109916665,8.518410109916664,8.61706123350936,-1.8096755510964568,18.524270232098527,1.324780440219765e-05,0.034029986241775
FR,23,23.0,2.370625754874766,0.06487630509431512,0.06777115455806917,6.777115455806919,6.8732530267797465,-1.4579291436271347,14.645087228349073,1.1219174015328125e-05,0.0273667427095604
FR,24,24.0,2.370625754874766,0.1265563681906957,0.13792086750939164,13.792086750939166,13.845475518155915,-2.824315598578564,30.552938241482774,2.4188250824850205e-05,0.0533852160892352
FR,25,25.0,2.370625754874766,0.05850285440841008,0.06084937436337221,6.0849374363372215,6.177607275742347,-1.315648697043581,13.116085498993835,1.1593695941830073e-05,0.0246782328624033
FR,26,26.0,2.370625754874766,0.022909232122858912,0.023262751062446692,2.326275106244669,2.375086315508246,-0.5172737298776986,4.94450368542052,4.903755027269936e-06,0.0096637911217113
FR,27,27.0,2.370625754874766,0.06322888837808932,0.0659763204652775,6.597632046527751,6.693006143426894,-1.4211720044233433,14.247899611919301,1.2855124183229771e-05,0.0266718136542938
FR,28,28.0,2.370625754874766,0.06798864907414685,0.07117287025338465,7.117287025338464,7.214611769718693,-1.527334318496698,15.399237232213569,1.6088934402335572e-05,0.0286796213760609
FR,29,29.0,2.370625754874766,0.08490892444090951,0.08991764407740792,8.991764407740792,9.089577080025268,-1.903801560621543,19.58682312242668,2.1399593823464044e-05,0.0358170935527506
FR,30,30.0,2.370625754874766,0.06103492850243709,0.06359219740182924,6.359219740182924,6.453432886299271,-1.3721991125860589,13.721077688978077,1.604726772761634e-05,0.0257463365429696
FR,31,31.0,2.370625754874766,0.147911899607153,0.16360582293477408,16.360582293477407,16.364010742748157,-3.2929716117121255,36.56042664565724,4.2473883735202426e-05,0.0623936103381138
FR,32,32.0,2.370625754874766,0.08183296736987174,0.08647816823757648,8.64781682375765,8.746302943654438,-1.8354703324061417,18.81441392643104,2.453339464167508e-05,0.0345195639596832
FR,33,33.0,2.370625754874766,0.10851360583686515,0.11679240260422669,11.679240260422668,11.760157206266886,-2.4265900947979424,25.683797579723322,3.556572557964803e-05,0.0457742457297304
FR,34,34.0,2.370625754874766,0.0921368993614327,0.09805618242609951,9.80561824260995,9.90048364078213,-2.0641811576677216,21.421674031303684,3.3166892586693225e-05,0.0388660669749199
FR,35,35.0,2.370625754874766,0.1116663462698796,0.1204472242123144,12.04472242123144,12.121765702004739,-2.4962046883599487,26.521328230386242,3.860875778415871e-05,0.047104164813977
FR,36,36.0,2.370625754874766,0.10481616801725717,0.11252594374357444,11.252594374357443,11.337559395235175,-2.344884895119237,24.708628209698304,3.961721189804933e-05,0.0442145571909533
FR,37,37.0,2.370625754874766,0.09105729765833091,0.09683552922000703,9.683552922000704,9.778981274237841,-2.040242832833483,21.145834705703216,3.88862403586523e-05,0.0384106590722251
FR,38,38.0,2.370625754874766,0.11297315777281419,0.12196672378823635,12.196672378823633,12.271995270399639,-2.525045388283731,26.87011885823121,5.162591561577281e-05,0.047655416524732
FR,39,39.0,2.370625754874766,0.11090673987913253,0.11956522305438193,11.956522305438193,12.034534612633019,-2.479436619989628,26.319028598510187,5.51435977717164e-05,0.0467837403905162
FR,40,40.0,2.370625754874766,0.08698983329784839,0.09225257560231957,9.225257560231958,9.32241898308439,-1.950001192192885,20.112209520811586,4.578276504821877e-05,0.0366948824035044
FR,41,41.0,2.370625754874766,0.05428269733201153,0.056298640446656625,5.629864044665663,5.719481542038474,-1.2213251899822364,12.114901095918995,3.068598628085509e-05,0.022898045893743
FR,42,42.0,2.370625754874766,0.029386665385183763,0.02997022265693817,2.997022265693817,3.0567983511607055,-0.6630436159496322,6.386351085290309,1.804833250238279e-05,0.0123961638924893
FR,43,43.0,2.370625754874766,0.03265099826868143,0.033372567408519814,3.3372567408519815,3.402068739388797,-0.7364240704256786,7.1204670310075935,2.2769991757767414e-05,0.0137731559701233
FR,44,44.0,2.370625754874766,0.00047599782553808904,0.0004761487654629338,0.04761487654629338,0.04878346374133091,-0.010774996421292204,0.10032586409760569,3.48785096187125e-07,0.0002007899494719
FR,45,45.0,2.370625754874766,0.009054044635843597,0.009108886231870318,0.9108886231870317,0.9320096361575381,-0.2047543784317596,1.9256669276864313,7.696207006328553e-06,0.003819263591997
FR,46,46.0,2.370625754874766,0.0,0.0,0.0,0.0,0.0,0.0,0.0,0.0
FR,47,47.0,2.370625754874766,0.0,0.0,0.0,0.0,0.0,0.0,0.0,0.0
FR,48,48.0,2.370625754874766,0.0,0.0,0.0,0.0,0.0,0.0,0.0,0.0
FR,49,49.0,2.370625754874766,0.0,0.0,0.0,0.0,0.0,0.0,0.0,0.0
FR,50,50.0,2.370625754874766,0.0,0.0,0.0,0.0,0.0,0.0,0.0,0.0
FR,51,51.0,2.370625754874766,0.0,0.0,0.0,0.0,0.0,0.0,0.0,0.0
FR,52,52.0,2.370625754874766,0.0,0.0,0.0,0.0,0.0,0.0,0.0,0.0
FR,53,53.0,2.370625754874766,0.0,0.0,0.0,0.0,0.0,0.0,0.0,0.0
FR,54,54.0,2.370625754874766,0.0,0.0,0.0,0.0,0.0,0.0,0.0,0.0
FR,55,55.0,2.370625754874766,0.0,0.0,0.0,0.0,0.0,0.0,0.0,0.0
FR,56,56.0,2.370625754874766,0.0,0.0,0.0,0.0,0.0,0.0,0.0,0.0
FR,57,57.0,2.370625754874766,0.0,0.0,0.0,0.0,0.0,0.0,0.0,0.0
FR,58,58.0,2.370625754874766,0.0,0.0,0.0,0.0,0.0,0.0,0.0,0.0
FR,59,59.0,2.370625754874766,0.0,0.0,0.0,0.0,0.0,0.0,0.0,0.0
FR,60,60.0,2.370625754874766,0.0046003698822130856,0.004614497185998425,0.4614497185998425,0.4724745900128946,-0.10408836647011199,0.9738432779275996,2.2196109790245897e-05,0.0019405719661795
FR,61,61.0,2.370625754874766,0.02097812152589294,0.0212742707278094,2.1274270727809403,2.172722157506901,-0.4737741240173343,4.518440575971661,0.0001134304986351552,0.0088491916038435
FR,62,62.0,2.370625754874766,0.037058513322139504,0.037990071865997614,3.7990071865997614,3.8700902299346973,-0.8354166498527271,8.119717175907537,0.00022239033923158037,0.0156323760702993
FR,63,63.0,2.370625754874766,0.04117563451324517,0.04232803256415769,4.232803256415768,4.309189045668882,-0.9277978149673793,9.061549237390242,0.0002673560713359574,0.0173690994576326
FR,64,64.0,2.370625754874766,0.04896431031266662,0.05060023620621237,5.060023620621238,5.144949902320439,-1.1023270528804252,10.865784947733959,0.0003336323929413482,0.0206545930803208
FR,65,65.0,2.370625754874766,0.057122674169451784,0.05935824236660939,5.935824236660939,6.027561612001309,-1.2848106044489827,12.787673408623546,0.00041390984780170835,0.0240960320506049
FR,66,66.0,2.370625754874766,0.07425385234926207,0.07806391733103418,7.806391733103419,7.90508302934112,-1.6668999483629543,16.932432450265054,0.0005770165873737585,0.0313224692664257
FR,67,67.0,2.370625754874766,0.07535667831285417,0.07928293111316415,7.928293111316415,8.027081962555638,-1.6914463630228749,17.204412299604055,0.0006126131993248219,0.0317876738485173
FR,68,68.0,2.370625754874766,0.06303315877497054,0.06576334018892281,6.576334018892281,6.6716112231062885,-1.416803977042158,14.20080129553325,0.000530960938476128,0.0265892491235085
FR,69,69.0,2.370625754874766,0.07010054355771582,0.07348924000675142,7.348924000675142,7.44686294110144,-1.5744016594195553,15.913792201319922,0.0006280038206365708,0.0295704808798127
FR,70,70.0,2.370625754874766,0.06648914471806133,0.06953217181605795,6.953217181605794,7.050011752398078,-1.4939015220054475,15.0352760414318,0.000628918719181929,0.0280470861253989
FR,71,71.0,2.370625754874766,0.06666479361529522,0.06972418889995927,6.972418889995927,7.069279590205824,-1.4978183588002847,15.077850290454808,0.0006659554101904563,0.0281211800210181
FR,72,72.0,2.370625754874766,0.06030587653901539,0.0628015086313873,6.28015086313873,6.37394193214309,-1.3559200558425744,13.546553284749274,0.0006252977221877042,0.0254388008798973
FR,73,73.0,2.370625754874766,0.04865949883570373,0.050274875073692465,5.027487507369247,5.112116667634714,-1.0955025984766054,10.794617793654137,0.0005423608035733956,0.0205260145915669
FR,74,74.0,2.370625754874766,0.052165576743718856,0.05402537149769831,5.402537149769831,5.490399305260207,-1.1739720881935867,11.615981006784093,0.0006194051793508728,0.0220049818645772
FR,75,75.0,2.370625754874766,0.040506160272759974,0.04162101848930822,4.162101848930822,4.23766217098025,-0.9127818183275127,8.90784370674833,0.000517535164296615,0.0170866954387323
FR,76,76.0,2.370625754874766,0.039345912842536364,0.04039721244350614,4.0397212443506145,4.113817047547719,-0.8867526164454853,8.641973726780726,0.0005514485042383457,0.0165972687850997
FR,77,77.0,2.370625754874766,0.04134068593621172,0.04250243647562333,4.250243647562334,4.326830741054644,-0.9314994921378106,9.09947694698161,0.0006353372734910266,0.0174387230254299
FR,78,78.0,2.370625754874766,0.03184886896489084,0.03253514755508234,3.253514755508234,3.317120005928076,-0.7183976583480023,6.939608027678612,0.0005448753909568043,0.0134347941253061
FR,79,79.0,2.370625754874766,0.017725958585375484,0.017937064181460682,1.7937064181460682,1.832826487066641,-0.4004739046044037,3.8048180690055444,0.0003407251889202419,0.007477333167804
FR,80,80.0,2.370625754874766,0.0,0.0,0.0,0.0,0.0,0.0,0.0,0.0
FR,81,81.0,2.370625754874766,0.0,0.0,0.0,0.0,0.0,0.0,0.0,0.0
FR,82,82.0,2.370625754874766,0.0,0.0,0.0,0.0,0.0,0.0,0.0,0.0
FR,83,83.0,2.370625754874766,0.0,0.0,0.0,0.0,0.0,0.0,0.0,0.0
FR,84,84.0,2.370625754874766,0.0,0.0,0.0,0.0,0.0,0.0,0.0,0.0
FR,85,85.0,2.370625754874766,0.0,0.0,0.0,0.0,0.0,0.0,0.0,0.0
IT,20,20.0,3.5972759259739395,0.0,0.0,0.0,0.0,0.0,0.0,0.0,0.0
IT,21,21.0,3.5972759259739395,0.040434420237439685,0.04133287731564091,4.133287731564091,4.424114117920652,1.304519460820086,6.389727922372046,4.7770828961294505e-06,0.0112402887822658
IT,22,22.0,3.5972759259739395,0.009961832910508882,0.010015736556415435,1.0015736556415435,1.0722549947804305,0.31982669917483,1.5376906874288165,1.1712477302665022e-06,0.0027692712806877
IT,23,23.0,3.5972759259739395,0.0,0.0,0.0,0.0,0.0,0.0,0.0,0.0
IT,24,24.0,3.5972759259739395,0.0,0.0,0.0,0.0,0.0,0.0,0.0,0.0
IT,25,25.0,3.5972759259739395,0.0,0.0,0.0,0.0,0.0,0.0,0.0,0.0
IT,26,26.0,3.5972759259739395,0.022040950383291843,0.022306044595933907,2.230604459593391,2.3878408338880774,0.7090016685652678,3.4339532875655943,3.2146533193805334e-06,0.0061271225329551
IT,27,27.0,3.5972759259739395,0.0,0.0,0.0,0.0,0.0,0.0,0.0,0.0
IT,28,28.0,3.5972759259739395,0.0,0.0,0.0,0.0,0.0,0.0,0.0,0.0
IT,29,29.0,3.5972759259739395,0.0,0.0,0.0,0.0,0.0,0.0,0.0,0.0
IT,30,30.0,3.5972759259739395,0.0,0.0,0.0,0.0,0.0,0.0,0.0,0.0
IT,31,31.0,3.5972759259739395,0.03690333570626812,0.03765071090779358,3.7650710907793585,4.030084346322105,1.1899225075881148,5.815815452854989,6.51451142783174e-06,0.0102586892041863
IT,32,32.0,3.5972759259739395,0.023194309305680273,0.023488002399176953,2.3488002399176953,2.5143499494452826,0.7462404056106653,3.616857278783625,4.428613887285789e-06,0.0064477426205221
IT,33,33.0,3.5972759259739395,0.0,0.0,0.0,0.0,0.0,0.0,0.0,0.0
IT,34,34.0,3.5972759259739395,0.06516360626124028,0.06751936901243641,6.751936901243642,7.225760131123349,2.1107197122401056,10.49718583566943,1.5134047974882752e-05,0.0181147089081296
IT,35,35.0,3.5972759259739395,0.0609670183823197,0.0630257960963467,6.302579609634671,6.745074693198161,1.9734554491223522,9.789135330093423,1.309887329575679e-05,0.0169481073003354
IT,36,36.0,3.5972759259739395,0.10877976484498972,0.11545625642502597,11.545625642502596,12.351622025663268,3.5483262935237514,18.132017819782398,2.6380083962537537e-05,0.0302394831765757
IT,37,37.0,3.5972759259739395,0.012804982444912247,0.01289414200148971,1.289414200148971,1.3803847248544887,0.41129408718494354,1.9808755626302021,3.202128279710871e-06,0.0035596330969372
IT,38,38.0,3.5972759259739395,0.06537193687292628,0.06774297691721129,6.77429769172113,7.249679044511059,2.117538714254752,10.53245421331761,1.7875205552869672e-05,0.0181726223448448
IT,39,39.0,3.5972759259739395,0.14098610769156797,0.152343046288423,15.234304628842299,16.29320393970961,4.622835191519226,24.106191806827717,4.454844407577402e-05,0.0391924641291999
IT,40,40.0,3.5972759259739395,0.09101447927637928,0.09565620007493826,9.565620007493825,10.234876205420518,2.960348107113009,14.960583214378476,3.065409244770527e-05,0.0253009447007426
IT,41,41.0,3.5972759259739395,0.113271469555886,0.12052337154776718,12.052337154776717,12.893218721352163,3.6975194328229044,18.947633647577277,4.235251531986744e-05,0.0314881237599861
IT,42,42.0,3.5972759259739395,0.19792007529077826,0.22080901353923896,22.080901353923895,23.602408327517587,6.549688723152158,35.41593020246121,8.751592966871494e-05,0.0550194311928387
IT,43,43.0,3.5972759259739395,0.1053954762722261,0.111654762112025,11.165476211202499,11.945271370729182,3.436058077154547,17.521186011611057,4.96368612169053e-05,0.0292986911321491
IT,44,44.0,3.5972759259739395,0.13768799805443013,0.14850583215810728,14.85058321581073,15.88328906550105,4.512288964981748,23.4807688562932,7.111692838105098e-05,0.0382756288057475
IT,45,45.0,3.5972759259739395,0.15504256816753684,0.16885288748345015,16.885288748345012,18.05657259270752,5.095293085926222,26.80744531112451,9.341082893929094e-05,0.0430999932610285
IT,46,46.0,3.5972759259739395,0.14870566996429815,0.16137860193036938,16.137860193036936,17.258329280331154,4.882037268508177,25.5824703836224,0.00010068827077081421,0.0413384107931718
IT,47,47.0,3.5972759259739395,0.13302478650053282,0.14310388000344532,14.310388000344531,15.306173159412051,4.356186475080004,22.60185542361768,0.0001012220859695825,0.0369793113561388
IT,48,48.0,3.5972759259739395,0.09058605121208435,0.09518341242953499,9.518341242953499,10.184324231311503,2.946209716193926,14.885161526966373,7.641988528340611e-05,0.0251818467852334
IT,49,49.0,3.5972759259739395,0.07026782171056786,0.07301248271190745,7.301248271190745,7.813325397284698,2.2779202040522195,11.36452914299717,6.762606539454704e-05,0.0195336202050009
IT,50,50.0,3.5972759259739395,0.08404405021494153,0.08799135173046438,8.799135173046439,9.415280250542214,2.7305606474356647,13.739616540023004,9.255675590694713e-05,0.0233632481756837
IT,51,51.0,3.5972759259739395,0.05525011348879958,0.05693717483274082,5.693717483274082,6.093714544117157,1.786760686632749,8.83187081293313,6.745070733541503e-05,0.0153588756119232
IT,52,52.0,3.5972759259739395,0.030327554501735778,0.030831042809039134,3.083104280903913,3.3002585331673773,0.9768590908726615,4.7552821177758275,4.3207731908860655e-05,0.0084307000980262
IT,53,53.0,3.5972759259739395,0.02354738430315124,0.02385012774166258,2.385012774166258,2.5531091225312164,0.7576429633614934,3.6729138728400557,3.7474004883050026e-05,0.0065458932780576
IT,54,54.0,3.5972759259739395,0.0,0.0,0.0,0.0,0.0,0.0,0.0,0.0
IT,55,55.0,3.5972759259739395,0.0,0.0,0.0,0.0,0.0,0.0,0.0,0.0
IT,56,56.0,3.5972759259739395,0.0,0.0,0.0,0.0,0.0,0.0,0.0,0.0
IT,57,57.0,3.5972759259739395,0.0,0.0,0.0,0.0,0.0,0.0,0.0,0.0
IT,58,58.0,3.5972759259739395,0.0,0.0,0.0,0.0,0.0,0.0,0.0,0.0
IT,59,59.0,3.5972759259739395,0.0,0.0,0.0,0.0,0.0,0.0,0.0,0.0
IT,60,60.0,3.5972759259739395,0.0,0.0,0.0,0.0,0.0,0.0,0.0,0.0
IT,61,61.0,3.5972759259739395,0.0,0.0,0.0,0.0,0.0,0.0,0.0,0.0
IT,62,62.0,3.5972759259739395,0.0,0.0,0.0,0.0,0.0,0.0,0.0,0.0
IT,63,63.0,3.5972759259739395,0.0,0.0,0.0,0.0,0.0,0.0,0.0,0.0
IT,64,64.0,3.5972759259739395,0.0,0.0,0.0,0.0,0.0,0.0,0.0,0.0
IT,65,65.0,3.5972759259739395,0.0,0.0,0.0,0.0,0.0,0.0,0.0,0.0
IT,66,66.0,3.5972759259739395,0.0,0.0,0.0,0.0,0.0,0.0,0.0,0.0
IT,67,67.0,3.5972759259739395,0.0,0.0,0.0,0.0,0.0,0.0,0.0,0.0
IT,68,68.0,3.5972759259739395,0.0,0.0,0.0,0.0,0.0,0.0,0.0,0.0
IT,69,69.0,3.5972759259739395,0.0,0.0,0.0,0.0,0.0,0.0,0.0,0.0
IT,70,70.0,3.5972759259739395,0.0,0.0,0.0,0.0,0.0,0.0,0.0,0.0
IT,71,71.0,3.5972759259739395,0.0,0.0,0.0,0.0,0.0,0.0,0.0,0.0
IT,72,72.0,3.5972759259739395,0.0,0.0,0.0,0.0,0.0,0.0,0.0,0.0
IT,73,73.0,3.5972759259739395,0.0,0.0,0.0,0.0,0.0,0.0,0.0,0.0
IT,74,74.0,3.5972759259739395,0.002534622505675678,0.0025381021831467477,0.25381021831467476,0.27173368031845335,0.08127773849240238,0.3890169609274574,3.102443982439405e-05,0.0007045949651442
IT,75,75.0,3.5972759259739395,0.0013330370504008532,0.0013339991022933205,0.13339991022933204,0.14282129193889936,0.04273826626972621,0.20440785703783604,1.7862255087743533e-05,0.0003705684739877
IT,76,76.0,3.5972759259739395,0.01812484917072071,0.018303843575241282,1.8303843575241283,1.9594571076287037,0.5826643831147837,2.8153290491500726,0.00027306472199867536,0.0050384928884246
IT,77,77.0,3.5972759259739395,0.0279724037045105,0.02840034396475703,2.840034396475703,3.0401147243289683,0.9006584628397096,4.378037232765619,0.0004694777232663547,0.0077759961371151
IT,78,78.0,3.5972759259739395,0.03575792588628324,0.03645931918206826,3.6459319182068257,3.902588986744604,1.1527775100301563,5.6303160928765195,0.0006840278184710955,0.0099402788727145
IT,79,79.0,3.5972759259739395,0.04660240279764111,0.04779869897810376,4.779869897810376,5.115976119041643,1.505005085732325,7.399696834029035,0.0010303139491088563,0.012954914706751
IT,80,80.0,3.5972759259739395,0.03947663888186375,0.04033272182541741,4.033272182541741,4.317089098250904,1.2734230384009892,6.233751339361482,0.0009700484054168503,0.0109740369363453
IT,81,81.0,3.5972759259739395,0.05326361195694036,0.05483034200950872,5.483034200950872,5.868312630820283,1.7219683223633986,8.501199693415074,0.0015475766174174446,0.0148066517701223
IT,82,82.0,3.5972759259739395,0.0643561593938974,0.06665318846081283,6.665318846081283,7.133105704969989,2.0842949564531477,10.360599110790613,0.002187574387825205,0.0178902482651434
IT,83,83.0,3.5972759259739395,0.06739167161104703,0.06991344833665598,6.991344833665599,7.481846193352792,2.18367155150907,10.874960091612063,0.002681489854632632,0.0187340846234366
IT,84,84.0,3.5972759259739395,0.07166618914329421,0.07452271782006135,7.452271782006136,7.974857806885494,2.3237747520505003,11.60333517344132,0.003421591908019655,0.0199223497496626
IT,85,85.0,3.5972759259739395,0.08358112909290755,0.08748436741240878,8.748436741240878,9.361065414934732,2.7153181431377016,13.658990253194725,0.004724535387659932,0.02323456159963
